marker,key,randoxCode,resultType,panels,healthAreas,duplicateGroup,templateFamily,reviewStatus,reviewedBy,chars,flags,whatItIs,highMeans,lowMeans,lifestyleContext
"AFP","afp","","MEASURED","Insight 360; Signature","Tumour Markers","","","DRAFT","","235","","Alpha-fetoprotein, produced in large amounts before birth and in small amounts in adults. It is used as a tumour marker for certain liver and germ cell tumours, and it also rises in pregnancy and in some non-cancerous liver conditions.","","",""
"ALT (Alanine Aminotransferase)","alt","","MEASURED","Ran Chip Insight 360; Advanced GP3 (Female); Advanced GP3 (Male); Signature; Core; Insight 360","Liver Health","","","DRAFT","Ada Admin","235","","An enzyme found mainly in the liver; raised levels can signal liver cell stress.","Can reflect fatty liver, alcohol intake, medication effects, or viral hepatitis.","","Alcohol reduction, weight management, and reviewing medications can help."
"AMH (Anti-Müllerian Hormone)","amh","","MEASURED","HSC14 Fertility; Ran Chip Insight 360; Advanced GP3 (Male); Advanced GP3 (Female); Signature; Nutritional Health HSC15; RP3 Metabolic Syndrome; RP10 Heart Health; Core; Insight 360","","","","DRAFT","","278","","A hormone that reflects your remaining ovarian egg reserve.","Can be associated with conditions such as PCOS.","Suggests a lower ovarian reserve. Relevant context for fertility planning, not a diagnosis.","AMH declines naturally with age; a single result is best discussed in context."
"ASO","aso","","MEASURED","Insight 360; Signature","Infection & Inflammation","","","DRAFT","","213","","Antistreptolysin O, an antibody made against a toxin produced by group A streptococcus bacteria. It is used to establish whether there has been a recent streptococcal infection rather than to detect a current one.","","",""
"AST (Aspartate Aminotransferase)","ast","","MEASURED","Ran Chip Insight 360; Advanced GP3 (Female); Advanced GP3 (Male); Core; Insight 360; Signature","Liver Health","","","DRAFT","","194","","An enzyme found in the liver and muscles; raised levels can signal cell stress.","Can reflect liver strain, muscle damage, or heavy alcohol intake.","","Interpreted alongside ALT and the AST:ALT ratio."
"Acinetobacter baumannii","acinetobacter-baumannii","","QUALITATIVE","Signature","UTI","","","DRAFT","","182","","Acinetobacter baumannii, a bacterium widespread in the environment and associated with infections acquired in hospital. The panel reports whether it was detected in the urine sample.","","",""
"Adiponectin","adiponectin","","MEASURED","Insight 360; Signature","Metabolic Syndrome","","","DRAFT","","193","","A hormone released by fat tissue that acts on how the body handles glucose and fats. It is measured chiefly in metabolic research and has no established clinical interpretation in routine care.","","",""
"Agar Agar (IgG)","agar-agar-igg","","SENSITIVITY","Signature","Food Sensitivity: Misc","","yes","DRAFT","","396","TEMPLATE-FAMILY","Measures IgG antibodies to Agar Agar in the blood. Producing IgG to a food records exposure to it rather than a problem with it, and it is routinely found in people who eat that food regularly and digest it perfectly well. The allergy and immunology bodies BSACI, EAACI and AAAAI all advise against using IgG food panels to decide what to eat, so a result here is not a reason to avoid Agar Agar.","","",""
"Albumin","albumin","","MEASURED","Ran Chip Insight 360; Nutritional Health HSC15; Core; Insight 360; Signature","Kidney Health; Liver Health; Nutritional Health; Male Hormone; Infection & Inflammation","","","DRAFT","","199","","The main protein made by your liver, important for fluid balance and transport.","","Can reflect liver disease, inflammation, or poor nutrition.","Adequate protein intake supports levels in the usual range."
"Aldolase","aldolase","","MEASURED","Insight 360; Signature","Liver Health; Muscle & Joint Health","","","DRAFT","","144","","An enzyme used in the breakdown of glucose for energy, present in both muscle and liver. It passes into the blood when either tissue is damaged.","","",""
"Alkaline Phosphatase (ALP)","alp","","MEASURED","Ran Chip Insight 360; Core; Insight 360; Signature","Liver Health; Bone Health","","","DRAFT","","152","","An enzyme found in the liver and bone.","Can reflect bile duct issues, liver conditions, or bone turnover.","","Naturally higher during bone growth or healing."
"Almond (IgG)","almond-igg","","SENSITIVITY","Signature","Food Sensitivity: Nuts & Seeds","","yes","DRAFT","","390","TEMPLATE-FAMILY","Measures IgG antibodies to Almond in the blood. Producing IgG to a food records exposure to it rather than a problem with it, and it is routinely found in people who eat that food regularly and digest it perfectly well. The allergy and immunology bodies BSACI, EAACI and AAAAI all advise against using IgG food panels to decide what to eat, so a result here is not a reason to avoid Almond.","","",""
"Aloe Vera (IgG)","aloe-vera-igg","","SENSITIVITY","Signature","Food Sensitivity: Misc","","yes","DRAFT","","396","TEMPLATE-FAMILY","Measures IgG antibodies to Aloe Vera in the blood. Producing IgG to a food records exposure to it rather than a problem with it, and it is routinely found in people who eat that food regularly and digest it perfectly well. The allergy and immunology bodies BSACI, EAACI and AAAAI all advise against using IgG food panels to decide what to eat, so a result here is not a reason to avoid Aloe Vera.","","",""
"Alpha-Lactalbumin (IgG)","alpha-lactalbumin-igg","","SENSITIVITY","Signature","Food Sensitivity: Dairy & Eggs","","yes","DRAFT","","412","TEMPLATE-FAMILY","Measures IgG antibodies to Alpha-Lactalbumin in the blood. Producing IgG to a food records exposure to it rather than a problem with it, and it is routinely found in people who eat that food regularly and digest it perfectly well. The allergy and immunology bodies BSACI, EAACI and AAAAI all advise against using IgG food panels to decide what to eat, so a result here is not a reason to avoid Alpha-Lactalbumin.","","",""
"Amaranth (IgG)","amaranth-igg","","SENSITIVITY","Signature","Food Sensitivity: Grains","","yes","DRAFT","","394","TEMPLATE-FAMILY","Measures IgG antibodies to Amaranth in the blood. Producing IgG to a food records exposure to it rather than a problem with it, and it is routinely found in people who eat that food regularly and digest it perfectly well. The allergy and immunology bodies BSACI, EAACI and AAAAI all advise against using IgG food panels to decide what to eat, so a result here is not a reason to avoid Amaranth.","","",""
"Anchovy (IgG)","anchovy-igg","","SENSITIVITY","Signature","Food Sensitivity: Fish & Seafood","","yes","DRAFT","","392","TEMPLATE-FAMILY","Measures IgG antibodies to Anchovy in the blood. Producing IgG to a food records exposure to it rather than a problem with it, and it is routinely found in people who eat that food regularly and digest it perfectly well. The allergy and immunology bodies BSACI, EAACI and AAAAI all advise against using IgG food panels to decide what to eat, so a result here is not a reason to avoid Anchovy.","","",""
"Aniseed (IgG)","aniseed-igg","","SENSITIVITY","Signature","Food Sensitivity: Herbs & Spices","","yes","DRAFT","","392","TEMPLATE-FAMILY","Measures IgG antibodies to Aniseed in the blood. Producing IgG to a food records exposure to it rather than a problem with it, and it is routinely found in people who eat that food regularly and digest it perfectly well. The allergy and immunology bodies BSACI, EAACI and AAAAI all advise against using IgG food panels to decide what to eat, so a result here is not a reason to avoid Aniseed.","","",""
"Anti-CCP","anti-ccp","","MEASURED","Insight 360; Signature","Autoimmune; Muscle & Joint Health","","","DRAFT","","210","","An antibody directed at citrullinated proteins, which are formed when the body modifies its own proteins during inflammation. It is one of the blood tests used when inflammatory joint disease is being assessed.","","",""
"Anti-Nuclear Antibodies (ANA)","ana","","MEASURED","Insight 360; Signature","Autoimmune","","","DRAFT","","271","","Antibodies that bind to material inside the body’s own cell nuclei, reported as a titre rather than a concentration. The test is a starting point in the assessment of autoimmune connective tissue conditions, and low titres are also found in people with no such condition.","","",""
"Anti-Thyroglobulin Antibody (Anti-Tg)","anti-tg","","MEASURED","Insight 360; Signature","Thyroid Health; Autoimmune","","","DRAFT","","185","","An antibody directed at thyroglobulin, the protein the thyroid gland uses to build its hormones. It is measured when the immune system involvement in thyroid function is being assessed.","","",""
"Anti-Thyroid Peroxidase Antibody (Anti-TPO)","anti-tpo","","MEASURED","Insight 360; Signature","Thyroid Health; Autoimmune","","","DRAFT","","193","","An antibody directed at thyroid peroxidase, an enzyme the thyroid uses to make its hormones. It is read alongside thyroid hormone levels when autoimmune thyroid conditions are being considered.","","",""
"Anti-Tissue Transglutaminase Antibodies","anti-ttg","","MEASURED","Signature; Insight 360","Autoimmune","","","DRAFT","","230","","Antibodies directed at tissue transglutaminase, an enzyme found in the lining of the gut. They are measured when coeliac disease is being investigated, and the result is only interpretable if gluten is still being eaten regularly.","","",""
"ApoB (Apolipoprotein B)","apob","","MEASURED","RP10 Heart Health; Core; Insight 360; Signature","Heart Health","","","DRAFT","","260","","A protein found on the particles that carry “bad” cholesterol. Reflects the number of these particles.","Considered a strong marker of cardiovascular risk, sometimes more precise than LDL alone.","","Responds to the same diet and lifestyle changes as LDL cholesterol."
"Apolipoprotein A-I","apo-a1","","MEASURED","Core; Insight 360; Signature","Heart Health","","","DRAFT","","196","","Apolipoprotein A-I, the main structural protein of HDL cholesterol particles, with roughly one molecule per particle. It is measured as an indicator of how many of those particles are circulating.","","",""
"Apolipoprotein B/A-I Ratio","apo-b-a1-ratio","","MEASURED","Insight 360; Signature","Heart Health","","","DRAFT","","186","","A calculated comparison of apolipoprotein B with apolipoprotein A-I. It is used in cardiovascular risk assessment to relate the two kinds of cholesterol-carrying particle to one another.","","",""
"Apolipoprotein CII","apo-cii","","MEASURED","Insight 360; Signature","Heart Health","","","DRAFT","","213","CROSS-REFERENCES(Triglycerides)","A small protein carried on triglyceride-rich particles, where it switches on the enzyme that breaks triglycerides down. It is measured in the specialist assessment of fat metabolism rather than in routine testing.","","",""
"Apolipoprotein E","apo-e","","MEASURED","Insight 360; Signature","Heart Health","","","DRAFT","","188","","A protein that helps clear fat-carrying particles from the bloodstream. This is a measurement of the protein circulating in blood, and it is a different test from looking at the APOE gene.","","",""
"Apple (IgG)","apple-igg","","SENSITIVITY","Signature","Food Sensitivity: Fruit","","yes","DRAFT","","388","TEMPLATE-FAMILY","Measures IgG antibodies to Apple in the blood. Producing IgG to a food records exposure to it rather than a problem with it, and it is routinely found in people who eat that food regularly and digest it perfectly well. The allergy and immunology bodies BSACI, EAACI and AAAAI all advise against using IgG food panels to decide what to eat, so a result here is not a reason to avoid Apple.","","",""
"Apricot (IgG)","apricot-igg","","SENSITIVITY","Signature","Food Sensitivity: Fruit","","yes","DRAFT","","392","TEMPLATE-FAMILY","Measures IgG antibodies to Apricot in the blood. Producing IgG to a food records exposure to it rather than a problem with it, and it is routinely found in people who eat that food regularly and digest it perfectly well. The allergy and immunology bodies BSACI, EAACI and AAAAI all advise against using IgG food panels to decide what to eat, so a result here is not a reason to avoid Apricot.","","",""
"Archaeal Composition","archaeal-composition","","COMPOSITION","Signature","Archaeal Composition","","","DRAFT","","266","TEMPLATED","The share of your gut microbiome made up of archaea, single-celled organisms distinct from bacteria and known in the gut chiefly for producing methane. It is a proportion of the whole rather than a count, and how to read it is still an open question in the research.","","",""
"Artichoke (IgG)","artichoke-igg","","SENSITIVITY","Signature","Food Sensitivity: Vegetables","","yes","DRAFT","","396","TEMPLATE-FAMILY","Measures IgG antibodies to Artichoke in the blood. Producing IgG to a food records exposure to it rather than a problem with it, and it is routinely found in people who eat that food regularly and digest it perfectly well. The allergy and immunology bodies BSACI, EAACI and AAAAI all advise against using IgG food panels to decide what to eat, so a result here is not a reason to avoid Artichoke.","","",""
"Asparagus (IgG)","asparagus-igg","","SENSITIVITY","Signature","Food Sensitivity: Vegetables","","yes","DRAFT","","396","TEMPLATE-FAMILY","Measures IgG antibodies to Asparagus in the blood. Producing IgG to a food records exposure to it rather than a problem with it, and it is routinely found in people who eat that food regularly and digest it perfectly well. The allergy and immunology bodies BSACI, EAACI and AAAAI all advise against using IgG food panels to decide what to eat, so a result here is not a reason to avoid Asparagus.","","",""
"Aubergine (IgG)","aubergine-igg","","SENSITIVITY","Signature","Food Sensitivity: Vegetables","","yes","DRAFT","","396","TEMPLATE-FAMILY","Measures IgG antibodies to Aubergine in the blood. Producing IgG to a food records exposure to it rather than a problem with it, and it is routinely found in people who eat that food regularly and digest it perfectly well. The allergy and immunology bodies BSACI, EAACI and AAAAI all advise against using IgG food panels to decide what to eat, so a result here is not a reason to avoid Aubergine.","","",""
"Avocado (IgG)","avocado-igg","","SENSITIVITY","Signature","Food Sensitivity: Fruit","","yes","DRAFT","","392","TEMPLATE-FAMILY","Measures IgG antibodies to Avocado in the blood. Producing IgG to a food records exposure to it rather than a problem with it, and it is routinely found in people who eat that food regularly and digest it perfectly well. The allergy and immunology bodies BSACI, EAACI and AAAAI all advise against using IgG food panels to decide what to eat, so a result here is not a reason to avoid Avocado.","","",""
"B2 Microglobulin","b2-microglobulin","","MEASURED","Insight 360; Signature","Kidney Health","","","DRAFT","","223","","A small protein shed from the surface of most cells, filtered by the kidneys and then largely reabsorbed. It is used as a marker of kidney filtration and, in specific settings, in the assessment of certain blood conditions.","","",""
"Bacteria that break down fibre","bacteria-that-break-down-fibre","","COMPOSITION","Signature","Bacterial Composition","","","DRAFT","","191","TEMPLATED","The share of your gut microbiome made up of bacteria that ferment dietary fibre. It is a proportion rather than a count, and there is no agreed range for what any particular proportion means.","","",""
"Bacteria with probiotic properties","bacteria-with-probiotic-properties","","COMPOSITION","Signature","Bacterial Composition","","","DRAFT","","323","TEMPLATED","The share of your gut microbiome made up of groups such as Lactobacillus and Bifidobacterium, which are the ones commonly sold as probiotics. It is a proportion rather than a count, there is no established proportion these groups are expected to make up, and their effects appear to depend heavily on the particular strain.","","",""
"Bacteriophages","bacteriophages","","COMPOSITION","Signature","Viral Composition","","","DRAFT","","238","TEMPLATED","The share of your gut microbiome made up of bacteriophages, which are viruses that infect bacteria rather than human cells. This is the least well understood part of the microbiome and there is no established interpretation of the figure.","","",""
"Banana (IgG)","banana-igg","","SENSITIVITY","Signature","Food Sensitivity: Fruit","","yes","DRAFT","","390","TEMPLATE-FAMILY","Measures IgG antibodies to Banana in the blood. Producing IgG to a food records exposure to it rather than a problem with it, and it is routinely found in people who eat that food regularly and digest it perfectly well. The allergy and immunology bodies BSACI, EAACI and AAAAI all advise against using IgG food panels to decide what to eat, so a result here is not a reason to avoid Banana.","","",""
"Barley (IgG)","barley-igg","","SENSITIVITY","Signature","Food Sensitivity: Grains","","yes","DRAFT","","390","TEMPLATE-FAMILY","Measures IgG antibodies to Barley in the blood. Producing IgG to a food records exposure to it rather than a problem with it, and it is routinely found in people who eat that food regularly and digest it perfectly well. The allergy and immunology bodies BSACI, EAACI and AAAAI all advise against using IgG food panels to decide what to eat, so a result here is not a reason to avoid Barley.","","",""
"Basil (IgG)","basil-igg","","SENSITIVITY","Signature","Food Sensitivity: Herbs & Spices","","yes","DRAFT","","388","TEMPLATE-FAMILY","Measures IgG antibodies to Basil in the blood. Producing IgG to a food records exposure to it rather than a problem with it, and it is routinely found in people who eat that food regularly and digest it perfectly well. The allergy and immunology bodies BSACI, EAACI and AAAAI all advise against using IgG food panels to decide what to eat, so a result here is not a reason to avoid Basil.","","",""
"Basophil Count","basophils","","MEASURED","Core; Insight 360; Signature","Full Blood Count","","","DRAFT","","218","","The least common white blood cell, involved in allergic and inflammatory responses.","Uncommon; usually interpreted alongside the rest of the blood count.","","Read alongside the other white cell types rather than on its own."
"Bass (IgG)","bass-igg","","SENSITIVITY","Signature","Food Sensitivity: Fish & Seafood","","yes","DRAFT","","386","TEMPLATE-FAMILY","Measures IgG antibodies to Bass in the blood. Producing IgG to a food records exposure to it rather than a problem with it, and it is routinely found in people who eat that food regularly and digest it perfectly well. The allergy and immunology bodies BSACI, EAACI and AAAAI all advise against using IgG food panels to decide what to eat, so a result here is not a reason to avoid Bass.","","",""
"Bay Leaf (IgG)","bay-leaf-igg","","SENSITIVITY","Signature","Food Sensitivity: Herbs & Spices","","yes","DRAFT","","394","TEMPLATE-FAMILY","Measures IgG antibodies to Bay Leaf in the blood. Producing IgG to a food records exposure to it rather than a problem with it, and it is routinely found in people who eat that food regularly and digest it perfectly well. The allergy and immunology bodies BSACI, EAACI and AAAAI all advise against using IgG food panels to decide what to eat, so a result here is not a reason to avoid Bay Leaf.","","",""
"Bean (Broad) (IgG)","bean-broad-igg","","SENSITIVITY","Signature","Food Sensitivity: Vegetables","","yes","DRAFT","","402","TEMPLATE-FAMILY","Measures IgG antibodies to Bean (Broad) in the blood. Producing IgG to a food records exposure to it rather than a problem with it, and it is routinely found in people who eat that food regularly and digest it perfectly well. The allergy and immunology bodies BSACI, EAACI and AAAAI all advise against using IgG food panels to decide what to eat, so a result here is not a reason to avoid Bean (Broad).","","",""
"Bean (Green) (IgG)","bean-green-igg","","SENSITIVITY","Signature","Food Sensitivity: Vegetables","","yes","DRAFT","","402","TEMPLATE-FAMILY","Measures IgG antibodies to Bean (Green) in the blood. Producing IgG to a food records exposure to it rather than a problem with it, and it is routinely found in people who eat that food regularly and digest it perfectly well. The allergy and immunology bodies BSACI, EAACI and AAAAI all advise against using IgG food panels to decide what to eat, so a result here is not a reason to avoid Bean (Green).","","",""
"Bean (Red Kidney) (IgG)","bean-red-kidney-igg","","SENSITIVITY","Signature","Food Sensitivity: Vegetables","","yes","DRAFT","","412","TEMPLATE-FAMILY","Measures IgG antibodies to Bean (Red Kidney) in the blood. Producing IgG to a food records exposure to it rather than a problem with it, and it is routinely found in people who eat that food regularly and digest it perfectly well. The allergy and immunology bodies BSACI, EAACI and AAAAI all advise against using IgG food panels to decide what to eat, so a result here is not a reason to avoid Bean (Red Kidney).","","",""
"Bean (White Haricot) (IgG)","bean-white-haricot-igg","","SENSITIVITY","Signature","Food Sensitivity: Vegetables","","yes","DRAFT","","418","TEMPLATE-FAMILY","Measures IgG antibodies to Bean (White Haricot) in the blood. Producing IgG to a food records exposure to it rather than a problem with it, and it is routinely found in people who eat that food regularly and digest it perfectly well. The allergy and immunology bodies BSACI, EAACI and AAAAI all advise against using IgG food panels to decide what to eat, so a result here is not a reason to avoid Bean (White Haricot).","","",""
"Beef (IgG)","beef-igg","","SENSITIVITY","Signature","Food Sensitivity: Meat","","yes","DRAFT","","386","TEMPLATE-FAMILY","Measures IgG antibodies to Beef in the blood. Producing IgG to a food records exposure to it rather than a problem with it, and it is routinely found in people who eat that food regularly and digest it perfectly well. The allergy and immunology bodies BSACI, EAACI and AAAAI all advise against using IgG food panels to decide what to eat, so a result here is not a reason to avoid Beef.","","",""
"Beetroot (IgG)","beetroot-igg","","SENSITIVITY","Signature","Food Sensitivity: Vegetables","","yes","DRAFT","","394","TEMPLATE-FAMILY","Measures IgG antibodies to Beetroot in the blood. Producing IgG to a food records exposure to it rather than a problem with it, and it is routinely found in people who eat that food regularly and digest it perfectly well. The allergy and immunology bodies BSACI, EAACI and AAAAI all advise against using IgG food panels to decide what to eat, so a result here is not a reason to avoid Beetroot.","","",""
"Beta hCG","beta-hcg","","MEASURED","Insight 360; Signature","Tumour Markers","","","DRAFT","","198","","The beta subunit of human chorionic gonadotrophin, the hormone produced by the placenta during pregnancy. Outside pregnancy it is used as a tumour marker for certain germ cell and placental tumours.","","",""
"Beta-Lactoglobulin (IgG)","beta-lactoglobulin-igg","","SENSITIVITY","Signature","Food Sensitivity: Dairy & Eggs","","yes","DRAFT","","414","TEMPLATE-FAMILY","Measures IgG antibodies to Beta-Lactoglobulin in the blood. Producing IgG to a food records exposure to it rather than a problem with it, and it is routinely found in people who eat that food regularly and digest it perfectly well. The allergy and immunology bodies BSACI, EAACI and AAAAI all advise against using IgG food panels to decide what to eat, so a result here is not a reason to avoid Beta-Lactoglobulin.","","",""
"Bicarbonate","bicarbonate","","MEASURED","Insight 360; Signature","Kidney Health","","","DRAFT","","145","","A dissolved salt that acts as the blood’s main buffer, holding its acidity within a narrow band. It is measured alongside the other electrolytes.","","",""
"Bile Acids","bile-acids","","MEASURED","Insight 360; Signature","Liver Health","","","DRAFT","","213","","Acids the liver makes from cholesterol and releases into the gut to help digest fat, most of which is then reabsorbed. Measuring them in blood is used as an indicator of how the liver is handling that circulation.","","",""
"Bilirubin (urine)","bilirubin-urine","","MEASURED","Insight 360; Signature","Urinalysis","","","DRAFT","","167","","A urine dipstick reading for bilirubin, the pigment formed when red blood cells are broken down. It is a screening reading on a colour scale rather than a measurement.","","",""
"Bitter Taste Perception","bitter-taste-perception","","GENETIC","Signature","Diet & Nutrition","","","DRAFT","","205","","Relates to variants in the TAS2R38 taste receptor gene, which affect how strongly certain bitter compounds are tasted. It is one of the better established links between a single gene and an everyday trait.","","",""
"Blackberry (IgG)","blackberry-igg","","SENSITIVITY","Signature","Food Sensitivity: Fruit","","yes","DRAFT","","398","TEMPLATE-FAMILY","Measures IgG antibodies to Blackberry in the blood. Producing IgG to a food records exposure to it rather than a problem with it, and it is routinely found in people who eat that food regularly and digest it perfectly well. The allergy and immunology bodies BSACI, EAACI and AAAAI all advise against using IgG food panels to decide what to eat, so a result here is not a reason to avoid Blackberry.","","",""
"Blackcurrant (IgG)","blackcurrant-igg","","SENSITIVITY","Signature","Food Sensitivity: Fruit","","yes","DRAFT","","402","TEMPLATE-FAMILY","Measures IgG antibodies to Blackcurrant in the blood. Producing IgG to a food records exposure to it rather than a problem with it, and it is routinely found in people who eat that food regularly and digest it perfectly well. The allergy and immunology bodies BSACI, EAACI and AAAAI all advise against using IgG food panels to decide what to eat, so a result here is not a reason to avoid Blackcurrant.","","",""
"Blueberry (IgG)","blueberry-igg","","SENSITIVITY","Signature","Food Sensitivity: Fruit","","yes","DRAFT","","396","TEMPLATE-FAMILY","Measures IgG antibodies to Blueberry in the blood. Producing IgG to a food records exposure to it rather than a problem with it, and it is routinely found in people who eat that food regularly and digest it perfectly well. The allergy and immunology bodies BSACI, EAACI and AAAAI all advise against using IgG food panels to decide what to eat, so a result here is not a reason to avoid Blueberry.","","",""
"Body Composition Analyser","body-composition-analyser","","QUALITATIVE","Insight 360; Signature","Personal Health Measurements","","","DRAFT","","252","","A reading taken at your appointment from a body composition device, which passes a small electrical current through the body to estimate the proportions of fat, muscle and water. Readings from these devices vary with hydration and with the time of day.","","",""
"Brazil Nut (IgG)","brazil-nut-igg","","SENSITIVITY","Signature","Food Sensitivity: Nuts & Seeds","","yes","DRAFT","","398","TEMPLATE-FAMILY","Measures IgG antibodies to Brazil Nut in the blood. Producing IgG to a food records exposure to it rather than a problem with it, and it is routinely found in people who eat that food regularly and digest it perfectly well. The allergy and immunology bodies BSACI, EAACI and AAAAI all advise against using IgG food panels to decide what to eat, so a result here is not a reason to avoid Brazil Nut.","","",""
"Broccoli (IgG)","broccoli-igg","","SENSITIVITY","Signature","Food Sensitivity: Vegetables","","yes","DRAFT","","394","TEMPLATE-FAMILY","Measures IgG antibodies to Broccoli in the blood. Producing IgG to a food records exposure to it rather than a problem with it, and it is routinely found in people who eat that food regularly and digest it perfectly well. The allergy and immunology bodies BSACI, EAACI and AAAAI all advise against using IgG food panels to decide what to eat, so a result here is not a reason to avoid Broccoli.","","",""
"Brussels Sprouts (IgG)","brussels-sprouts-igg","","SENSITIVITY","Signature","Food Sensitivity: Vegetables","","yes","DRAFT","","410","TEMPLATE-FAMILY","Measures IgG antibodies to Brussels Sprouts in the blood. Producing IgG to a food records exposure to it rather than a problem with it, and it is routinely found in people who eat that food regularly and digest it perfectly well. The allergy and immunology bodies BSACI, EAACI and AAAAI all advise against using IgG food panels to decide what to eat, so a result here is not a reason to avoid Brussels Sprouts.","","",""
"Buckwheat (IgG)","buckwheat-igg","","SENSITIVITY","Signature","Food Sensitivity: Grains","","yes","DRAFT","","396","TEMPLATE-FAMILY","Measures IgG antibodies to Buckwheat in the blood. Producing IgG to a food records exposure to it rather than a problem with it, and it is routinely found in people who eat that food regularly and digest it perfectly well. The allergy and immunology bodies BSACI, EAACI and AAAAI all advise against using IgG food panels to decide what to eat, so a result here is not a reason to avoid Buckwheat.","","",""
"Butyric acid producing bacteria","butyric-acid-producing-bacteria","","COMPOSITION","Signature","Bacterial Composition","","","DRAFT","","232","TEMPLATED","The share of your gut microbiome made up of bacteria that produce butyrate, a short chain fatty acid the cells lining the colon use as fuel. It is a proportion rather than a count, and no reference range has been established for it.","","",""
"C-Peptide","c-peptide","","MEASURED","Insight 360; Signature","Metabolic Syndrome; Diabetes Health","","","DRAFT","","216","","A fragment the pancreas releases in equal amount to insulin whenever it makes some. Because it lasts longer in the blood than insulin does, it is used as an indicator of how much insulin the body is producing itself.","","",""
"CEA","cea","","MEASURED","Signature; Insight 360","Tumour Markers","","","DRAFT","","231","","Carcinoembryonic antigen, present in high amounts before birth and in small amounts in adults. It is used as a tumour marker chiefly to follow bowel cancer that has already been diagnosed, and it is also higher in people who smoke.","","",""
"CRP (C-Reactive Protein)","crp","","MEASURED","Core; Insight 360; Signature","Infection & Inflammation","","","DRAFT","","316","","A protein made by the liver that rises quickly when there is inflammation or infection in the body.","Can reflect an infection, an injury or an inflammatory condition. It rises and falls quickly.","","A recent cold or injury can raise this temporarily, so an isolated raised result is often best repeated once you are well."
"Cabbage (Red) (IgG)","cabbage-red-igg","","SENSITIVITY","Signature","Food Sensitivity: Vegetables","","yes","DRAFT","","404","TEMPLATE-FAMILY","Measures IgG antibodies to Cabbage (Red) in the blood. Producing IgG to a food records exposure to it rather than a problem with it, and it is routinely found in people who eat that food regularly and digest it perfectly well. The allergy and immunology bodies BSACI, EAACI and AAAAI all advise against using IgG food panels to decide what to eat, so a result here is not a reason to avoid Cabbage (Red).","","",""
"Cabbage (Savoy/White) (IgG)","cabbage-savoy-white-igg","","SENSITIVITY","Signature","Food Sensitivity: Vegetables","","yes","DRAFT","","420","TEMPLATE-FAMILY","Measures IgG antibodies to Cabbage (Savoy/White) in the blood. Producing IgG to a food records exposure to it rather than a problem with it, and it is routinely found in people who eat that food regularly and digest it perfectly well. The allergy and immunology bodies BSACI, EAACI and AAAAI all advise against using IgG food panels to decide what to eat, so a result here is not a reason to avoid Cabbage (Savoy/White).","","",""
"Caffeine Metabolism","caffeine-metabolism","","GENETIC","Signature","Health & Wellbeing","","","DRAFT","","196","","Relates to variants in CYP1A2 and ADORA2A, associated with how quickly caffeine is cleared and how strongly its effects are felt. It describes an inherited tendency and is not a limit of any kind.","","",""
"Calcitonin","calcitonin","","MEASURED","Insight 360; Signature","Thyroid Health","","","DRAFT","","171","","A hormone made by particular cells in the thyroid gland, with a minor role in calcium handling. It is measured chiefly as a marker for one uncommon type of thyroid tumour.","","",""
"Calcium","calcium","","MEASURED","Ran Chip Insight 360; Nutritional Health HSC15; Core; Insight 360; Signature","Kidney Health; Nutritional Health; Bone Health","","","DRAFT","","252","CROSS-REFERENCES(Vitamin D)","A mineral essential for bone health, muscle function, and nerve signalling.","Can reflect parathyroid or bone conditions.","Can reflect vitamin D deficiency or parathyroid conditions.","Dairy, fortified plant milks, and leafy greens are good dietary sources."
"Calcium Deficiency Risk","calcium-deficiency-risk","","GENETIC","Signature","Diet & Nutrition","","","DRAFT","","182","TEMPLATED","Relates to inherited variation in genes involved in calcium handling and vitamin D metabolism. It describes a tendency and is not a measurement of the calcium in your blood or bones.","","",""
"Calprotectin","calprotectin","","MEASURED","Ran Chip Insight 360; Nutritional Health HSC15; Advanced GP3 (Male); Signature; Advanced GP3 (Female); RP3 Metabolic Syndrome; RP10 Heart Health; HSC14 Fertility; Insight 360; Core","Digestive & Bowel Health","","","DRAFT","","230","","A marker of inflammation specifically within the gut, usually measured from a stool sample.","Can indicate gut inflammation and may warrant further investigation.","","Best interpreted alongside your wider digestive symptoms and history."
"Camomile (IgG)","camomile-igg","","SENSITIVITY","Signature","Food Sensitivity: Herbs & Spices","","yes","DRAFT","","394","TEMPLATE-FAMILY","Measures IgG antibodies to Camomile in the blood. Producing IgG to a food records exposure to it rather than a problem with it, and it is routinely found in people who eat that food regularly and digest it perfectly well. The allergy and immunology bodies BSACI, EAACI and AAAAI all advise against using IgG food panels to decide what to eat, so a result here is not a reason to avoid Camomile.","","",""
"Cancer Antigen 125 (CA 125)","ca-125","","MEASURED","Insight 360; Signature","Tumour Markers","","","DRAFT","","240","","Cancer antigen 125, a protein used chiefly in the assessment and follow-up of ovarian cancer. It also rises with menstruation, endometriosis, fibroids and other non-cancerous conditions, which is why it is not used for screening on its own.","","",""
"Cancer Antigen 15-3 (CA 15-3)","ca-15-3","","MEASURED","Insight 360; Signature","Tumour Markers","","","DRAFT","","178","","Cancer antigen 15-3, a protein shed from the surface of some cells. It is used to follow the course of breast cancer that has already been diagnosed rather than to screen for it.","","",""
"Cancer Antigen 19-9 (CA 19-9)","ca-19-9","","MEASURED","Insight 360; Signature","Tumour Markers","","","DRAFT","","213","","Cancer antigen 19-9, a carbohydrate marker used mainly in pancreatic and biliary disease. It is used to follow known disease rather than to screen for it, and a small proportion of people do not produce it at all.","","",""
"Capers (IgG)","capers-igg","","SENSITIVITY","Signature","Food Sensitivity: Vegetables","","yes","DRAFT","","390","TEMPLATE-FAMILY","Measures IgG antibodies to Capers in the blood. Producing IgG to a food records exposure to it rather than a problem with it, and it is routinely found in people who eat that food regularly and digest it perfectly well. The allergy and immunology bodies BSACI, EAACI and AAAAI all advise against using IgG food panels to decide what to eat, so a result here is not a reason to avoid Capers.","","",""
"Cardiovascular Risk Score","cv-risk-score","","MEASURED","Insight 360; Signature","Heart Health","","","DRAFT","","280","","A calculated percentage estimating the likelihood of a cardiovascular event over a defined period, combining several measurements with age and other details. Scores of this kind describe averages across large groups of people and do not predict what will happen to any one person.","","",""
"Carob (IgG)","carob-igg","","SENSITIVITY","Signature","Food Sensitivity: Misc","","yes","DRAFT","","388","TEMPLATE-FAMILY","Measures IgG antibodies to Carob in the blood. Producing IgG to a food records exposure to it rather than a problem with it, and it is routinely found in people who eat that food regularly and digest it perfectly well. The allergy and immunology bodies BSACI, EAACI and AAAAI all advise against using IgG food panels to decide what to eat, so a result here is not a reason to avoid Carob.","","",""
"Carp (IgG)","carp-igg","","SENSITIVITY","Signature","Food Sensitivity: Fish & Seafood","","yes","DRAFT","","386","TEMPLATE-FAMILY","Measures IgG antibodies to Carp in the blood. Producing IgG to a food records exposure to it rather than a problem with it, and it is routinely found in people who eat that food regularly and digest it perfectly well. The allergy and immunology bodies BSACI, EAACI and AAAAI all advise against using IgG food panels to decide what to eat, so a result here is not a reason to avoid Carp.","","",""
"Carrot (IgG)","carrot-igg","","SENSITIVITY","Signature","Food Sensitivity: Vegetables","","yes","DRAFT","","390","TEMPLATE-FAMILY","Measures IgG antibodies to Carrot in the blood. Producing IgG to a food records exposure to it rather than a problem with it, and it is routinely found in people who eat that food regularly and digest it perfectly well. The allergy and immunology bodies BSACI, EAACI and AAAAI all advise against using IgG food panels to decide what to eat, so a result here is not a reason to avoid Carrot.","","",""
"Casein (IgG)","casein-igg","","SENSITIVITY","Signature","Food Sensitivity: Dairy & Eggs","","yes","DRAFT","","390","TEMPLATE-FAMILY","Measures IgG antibodies to Casein in the blood. Producing IgG to a food records exposure to it rather than a problem with it, and it is routinely found in people who eat that food regularly and digest it perfectly well. The allergy and immunology bodies BSACI, EAACI and AAAAI all advise against using IgG food panels to decide what to eat, so a result here is not a reason to avoid Casein.","","",""
"Cashew Nut (IgG)","cashew-nut-igg","","SENSITIVITY","Signature","Food Sensitivity: Nuts & Seeds","","yes","DRAFT","","398","TEMPLATE-FAMILY","Measures IgG antibodies to Cashew Nut in the blood. Producing IgG to a food records exposure to it rather than a problem with it, and it is routinely found in people who eat that food regularly and digest it perfectly well. The allergy and immunology bodies BSACI, EAACI and AAAAI all advise against using IgG food panels to decide what to eat, so a result here is not a reason to avoid Cashew Nut.","","",""
"Cauliflower (IgG)","cauliflower-igg","","SENSITIVITY","Signature","Food Sensitivity: Vegetables","","yes","DRAFT","","400","TEMPLATE-FAMILY","Measures IgG antibodies to Cauliflower in the blood. Producing IgG to a food records exposure to it rather than a problem with it, and it is routinely found in people who eat that food regularly and digest it perfectly well. The allergy and immunology bodies BSACI, EAACI and AAAAI all advise against using IgG food panels to decide what to eat, so a result here is not a reason to avoid Cauliflower.","","",""
"Caviar (IgG)","caviar-igg","","SENSITIVITY","Signature","Food Sensitivity: Fish & Seafood","","yes","DRAFT","","390","TEMPLATE-FAMILY","Measures IgG antibodies to Caviar in the blood. Producing IgG to a food records exposure to it rather than a problem with it, and it is routinely found in people who eat that food regularly and digest it perfectly well. The allergy and immunology bodies BSACI, EAACI and AAAAI all advise against using IgG food panels to decide what to eat, so a result here is not a reason to avoid Caviar.","","",""
"Cayenne (IgG)","cayenne-igg","","SENSITIVITY","Signature","Food Sensitivity: Herbs & Spices","","yes","DRAFT","","392","TEMPLATE-FAMILY","Measures IgG antibodies to Cayenne in the blood. Producing IgG to a food records exposure to it rather than a problem with it, and it is routinely found in people who eat that food regularly and digest it perfectly well. The allergy and immunology bodies BSACI, EAACI and AAAAI all advise against using IgG food panels to decide what to eat, so a result here is not a reason to avoid Cayenne.","","",""
"Celery (IgG)","celery-igg","","SENSITIVITY","Signature","Food Sensitivity: Vegetables","","yes","DRAFT","","390","TEMPLATE-FAMILY","Measures IgG antibodies to Celery in the blood. Producing IgG to a food records exposure to it rather than a problem with it, and it is routinely found in people who eat that food regularly and digest it perfectly well. The allergy and immunology bodies BSACI, EAACI and AAAAI all advise against using IgG food panels to decide what to eat, so a result here is not a reason to avoid Celery.","","",""
"Chard (IgG)","chard-igg","","SENSITIVITY","Signature","Food Sensitivity: Vegetables","","yes","DRAFT","","388","TEMPLATE-FAMILY","Measures IgG antibodies to Chard in the blood. Producing IgG to a food records exposure to it rather than a problem with it, and it is routinely found in people who eat that food regularly and digest it perfectly well. The allergy and immunology bodies BSACI, EAACI and AAAAI all advise against using IgG food panels to decide what to eat, so a result here is not a reason to avoid Chard.","","",""
"Cherry (IgG)","cherry-igg","","SENSITIVITY","Signature","Food Sensitivity: Fruit","","yes","DRAFT","","390","TEMPLATE-FAMILY","Measures IgG antibodies to Cherry in the blood. Producing IgG to a food records exposure to it rather than a problem with it, and it is routinely found in people who eat that food regularly and digest it perfectly well. The allergy and immunology bodies BSACI, EAACI and AAAAI all advise against using IgG food panels to decide what to eat, so a result here is not a reason to avoid Cherry.","","",""
"Chestnut (IgG)","chestnut-igg","","SENSITIVITY","Signature","Food Sensitivity: Misc","","yes","DRAFT","","394","TEMPLATE-FAMILY","Measures IgG antibodies to Chestnut in the blood. Producing IgG to a food records exposure to it rather than a problem with it, and it is routinely found in people who eat that food regularly and digest it perfectly well. The allergy and immunology bodies BSACI, EAACI and AAAAI all advise against using IgG food panels to decide what to eat, so a result here is not a reason to avoid Chestnut.","","",""
"Chicken (IgG)","chicken-igg","","SENSITIVITY","Signature","Food Sensitivity: Meat","","yes","DRAFT","","392","TEMPLATE-FAMILY","Measures IgG antibodies to Chicken in the blood. Producing IgG to a food records exposure to it rather than a problem with it, and it is routinely found in people who eat that food regularly and digest it perfectly well. The allergy and immunology bodies BSACI, EAACI and AAAAI all advise against using IgG food panels to decide what to eat, so a result here is not a reason to avoid Chicken.","","",""
"Chickpea (IgG)","chickpea-igg","","SENSITIVITY","Signature","Food Sensitivity: Vegetables","","yes","DRAFT","","394","TEMPLATE-FAMILY","Measures IgG antibodies to Chickpea in the blood. Producing IgG to a food records exposure to it rather than a problem with it, and it is routinely found in people who eat that food regularly and digest it perfectly well. The allergy and immunology bodies BSACI, EAACI and AAAAI all advise against using IgG food panels to decide what to eat, so a result here is not a reason to avoid Chickpea.","","",""
"Chicory (IgG)","chicory-igg","","SENSITIVITY","Signature","Food Sensitivity: Vegetables","","yes","DRAFT","","392","TEMPLATE-FAMILY","Measures IgG antibodies to Chicory in the blood. Producing IgG to a food records exposure to it rather than a problem with it, and it is routinely found in people who eat that food regularly and digest it perfectly well. The allergy and immunology bodies BSACI, EAACI and AAAAI all advise against using IgG food panels to decide what to eat, so a result here is not a reason to avoid Chicory.","","",""
"Chilli (Red) (IgG)","chilli-red-igg","","SENSITIVITY","Signature","Food Sensitivity: Herbs & Spices","","yes","DRAFT","","402","TEMPLATE-FAMILY","Measures IgG antibodies to Chilli (Red) in the blood. Producing IgG to a food records exposure to it rather than a problem with it, and it is routinely found in people who eat that food regularly and digest it perfectly well. The allergy and immunology bodies BSACI, EAACI and AAAAI all advise against using IgG food panels to decide what to eat, so a result here is not a reason to avoid Chilli (Red).","","",""
"Chloride","chloride","","MEASURED","Core; Insight 360; Signature","Kidney Health","","","DRAFT","","264","","An electrolyte that works with sodium to maintain fluid balance and the blood’s acid-base balance.","Can reflect dehydration or an acid-base disturbance.","Can reflect fluid overload or losses through vomiting.","Largely reflects hydration status at the time of testing."
"Cinnamon (IgG)","cinnamon-igg","","SENSITIVITY","Signature","Food Sensitivity: Herbs & Spices","","yes","DRAFT","","394","TEMPLATE-FAMILY","Measures IgG antibodies to Cinnamon in the blood. Producing IgG to a food records exposure to it rather than a problem with it, and it is routinely found in people who eat that food regularly and digest it perfectly well. The allergy and immunology bodies BSACI, EAACI and AAAAI all advise against using IgG food panels to decide what to eat, so a result here is not a reason to avoid Cinnamon.","","",""
"Clam (IgG)","clam-igg","","SENSITIVITY","Signature","Food Sensitivity: Fish & Seafood","","yes","DRAFT","","386","TEMPLATE-FAMILY","Measures IgG antibodies to Clam in the blood. Producing IgG to a food records exposure to it rather than a problem with it, and it is routinely found in people who eat that food regularly and digest it perfectly well. The allergy and immunology bodies BSACI, EAACI and AAAAI all advise against using IgG food panels to decide what to eat, so a result here is not a reason to avoid Clam.","","",""
"Clove (IgG)","clove-igg","","SENSITIVITY","Signature","Food Sensitivity: Herbs & Spices","","yes","DRAFT","","388","TEMPLATE-FAMILY","Measures IgG antibodies to Clove in the blood. Producing IgG to a food records exposure to it rather than a problem with it, and it is routinely found in people who eat that food regularly and digest it perfectly well. The allergy and immunology bodies BSACI, EAACI and AAAAI all advise against using IgG food panels to decide what to eat, so a result here is not a reason to avoid Clove.","","",""
"Cockle (IgG)","cockle-igg","","SENSITIVITY","Signature","Food Sensitivity: Fish & Seafood","","yes","DRAFT","","390","TEMPLATE-FAMILY","Measures IgG antibodies to Cockle in the blood. Producing IgG to a food records exposure to it rather than a problem with it, and it is routinely found in people who eat that food regularly and digest it perfectly well. The allergy and immunology bodies BSACI, EAACI and AAAAI all advise against using IgG food panels to decide what to eat, so a result here is not a reason to avoid Cockle.","","",""
"Cocoa Bean (IgG)","cocoa-bean-igg","","SENSITIVITY","Signature","Food Sensitivity: Misc","","yes","DRAFT","","398","TEMPLATE-FAMILY","Measures IgG antibodies to Cocoa Bean in the blood. Producing IgG to a food records exposure to it rather than a problem with it, and it is routinely found in people who eat that food regularly and digest it perfectly well. The allergy and immunology bodies BSACI, EAACI and AAAAI all advise against using IgG food panels to decide what to eat, so a result here is not a reason to avoid Cocoa Bean.","","",""
"Coconut (IgG)","coconut-igg","","SENSITIVITY","Signature","Food Sensitivity: Nuts & Seeds","","yes","DRAFT","","392","TEMPLATE-FAMILY","Measures IgG antibodies to Coconut in the blood. Producing IgG to a food records exposure to it rather than a problem with it, and it is routinely found in people who eat that food regularly and digest it perfectly well. The allergy and immunology bodies BSACI, EAACI and AAAAI all advise against using IgG food panels to decide what to eat, so a result here is not a reason to avoid Coconut.","","",""
"Cod (IgG)","cod-igg","","SENSITIVITY","Signature","Food Sensitivity: Fish & Seafood","","yes","DRAFT","","384","TEMPLATE-FAMILY","Measures IgG antibodies to Cod in the blood. Producing IgG to a food records exposure to it rather than a problem with it, and it is routinely found in people who eat that food regularly and digest it perfectly well. The allergy and immunology bodies BSACI, EAACI and AAAAI all advise against using IgG food panels to decide what to eat, so a result here is not a reason to avoid Cod.","","",""
"Coffee (IgG)","coffee-igg","","SENSITIVITY","Signature","Food Sensitivity: Misc","","yes","DRAFT","","390","TEMPLATE-FAMILY","Measures IgG antibodies to Coffee in the blood. Producing IgG to a food records exposure to it rather than a problem with it, and it is routinely found in people who eat that food regularly and digest it perfectly well. The allergy and immunology bodies BSACI, EAACI and AAAAI all advise against using IgG food panels to decide what to eat, so a result here is not a reason to avoid Coffee.","","",""
"Complement C3","complement-c3","","MEASURED","Insight 360; Signature","Infection & Inflammation","","","DRAFT","","203","","One of the complement proteins, a set of blood proteins that work with antibodies to clear infection and damaged cells. It is measured as part of the assessment of inflammatory and autoimmune conditions.","","",""
"Copper","copper","","MEASURED","Insight 360; Signature","Nutritional Health; Liver Health","","","DRAFT","","179","","A trace mineral needed by enzymes involved in iron handling, connective tissue and nerve function. Most of the copper in blood is bound to a carrier protein called caeruloplasmin.","","",""
"Coriander (Leaf) (IgG)","coriander-leaf-igg","","SENSITIVITY","Signature","Food Sensitivity: Herbs & Spices","","yes","DRAFT","","410","TEMPLATE-FAMILY","Measures IgG antibodies to Coriander (Leaf) in the blood. Producing IgG to a food records exposure to it rather than a problem with it, and it is routinely found in people who eat that food regularly and digest it perfectly well. The allergy and immunology bodies BSACI, EAACI and AAAAI all advise against using IgG food panels to decide what to eat, so a result here is not a reason to avoid Coriander (Leaf).","","",""
"Corn (Maize) (IgG)","corn-maize-igg","","SENSITIVITY","Signature","Food Sensitivity: Grains","","yes","DRAFT","","402","TEMPLATE-FAMILY","Measures IgG antibodies to Corn (Maize) in the blood. Producing IgG to a food records exposure to it rather than a problem with it, and it is routinely found in people who eat that food regularly and digest it perfectly well. The allergy and immunology bodies BSACI, EAACI and AAAAI all advise against using IgG food panels to decide what to eat, so a result here is not a reason to avoid Corn (Maize).","","",""
"Cortisol","cortisol","","MEASURED","HSC14 Fertility; Core; Insight 360; Signature","Stress; Pituitary & Adrenal","","","DRAFT","","260","","The body’s primary stress hormone, also involved in metabolism and immune regulation.","Can reflect ongoing stress or, rarely, an adrenal condition.","Can reflect adrenal insufficiency.","Time of day significantly affects results. This is best tested in the morning."
"Couscous (IgG)","couscous-igg","","SENSITIVITY","Signature","Food Sensitivity: Grains","","yes","DRAFT","","394","TEMPLATE-FAMILY","Measures IgG antibodies to Couscous in the blood. Producing IgG to a food records exposure to it rather than a problem with it, and it is routinely found in people who eat that food regularly and digest it perfectly well. The allergy and immunology bodies BSACI, EAACI and AAAAI all advise against using IgG food panels to decide what to eat, so a result here is not a reason to avoid Couscous.","","",""
"Crab (IgG)","crab-igg","","SENSITIVITY","Signature","Food Sensitivity: Fish & Seafood","","yes","DRAFT","","386","TEMPLATE-FAMILY","Measures IgG antibodies to Crab in the blood. Producing IgG to a food records exposure to it rather than a problem with it, and it is routinely found in people who eat that food regularly and digest it perfectly well. The allergy and immunology bodies BSACI, EAACI and AAAAI all advise against using IgG food panels to decide what to eat, so a result here is not a reason to avoid Crab.","","",""
"Cranberry (IgG)","cranberry-igg","","SENSITIVITY","Signature","Food Sensitivity: Fruit","","yes","DRAFT","","396","TEMPLATE-FAMILY","Measures IgG antibodies to Cranberry in the blood. Producing IgG to a food records exposure to it rather than a problem with it, and it is routinely found in people who eat that food regularly and digest it perfectly well. The allergy and immunology bodies BSACI, EAACI and AAAAI all advise against using IgG food panels to decide what to eat, so a result here is not a reason to avoid Cranberry.","","",""
"Creatine Conversion","creatine-conversion","","GENETIC","Signature","Athletic Performance","","","DRAFT","","200","TEMPLATED","Relates to inherited variation in genes involved in creatine metabolism in muscle. The research behind indicators of this kind is limited, and it measures nothing about your muscles as they are today.","","",""
"Creatine Kinase","creatine-kinase","","MEASURED","Core; Insight 360; Signature","Heart Health; Muscle & Joint Health","","","DRAFT","","173","","An enzyme concentrated in muscle, including heart muscle, which passes into the blood when muscle cells are strained or damaged. Recent hard exercise raises it considerably.","","",""
"Creatine Kinase-MB (CK-MB)","ck-mb","","MEASURED","Insight 360; Signature","Heart Health","","","DRAFT","","191","","The form of creatine kinase found in relatively high concentration in heart muscle. It was long used in the assessment of heart muscle injury, a role that troponin has now largely taken over.","","",""
"Creatinine","creatinine","","MEASURED","Ran Chip Insight 360; Signature; Advanced GP3 (Male); Advanced GP3 (Female); Core; Insight 360","Kidney Health","","","DRAFT","","185","CROSS-REFERENCES(Muscle Mass)","A waste product filtered out by your kidneys, used to estimate kidney function.","Can reflect reduced kidney function or high muscle mass.","","Staying well hydrated supports accurate results."
"Cucumber (IgG)","cucumber-igg","","SENSITIVITY","Signature","Food Sensitivity: Vegetables","","yes","DRAFT","","394","TEMPLATE-FAMILY","Measures IgG antibodies to Cucumber in the blood. Producing IgG to a food records exposure to it rather than a problem with it, and it is routinely found in people who eat that food regularly and digest it perfectly well. The allergy and immunology bodies BSACI, EAACI and AAAAI all advise against using IgG food panels to decide what to eat, so a result here is not a reason to avoid Cucumber.","","",""
"Cumin (IgG)","cumin-igg","","SENSITIVITY","Signature","Food Sensitivity: Herbs & Spices","","yes","DRAFT","","388","TEMPLATE-FAMILY","Measures IgG antibodies to Cumin in the blood. Producing IgG to a food records exposure to it rather than a problem with it, and it is routinely found in people who eat that food regularly and digest it perfectly well. The allergy and immunology bodies BSACI, EAACI and AAAAI all advise against using IgG food panels to decide what to eat, so a result here is not a reason to avoid Cumin.","","",""
"Curry (Mixed Spices) (IgG)","curry-mixed-spices-igg","","SENSITIVITY","Signature","Food Sensitivity: Herbs & Spices","","yes","DRAFT","","418","TEMPLATE-FAMILY","Measures IgG antibodies to Curry (Mixed Spices) in the blood. Producing IgG to a food records exposure to it rather than a problem with it, and it is routinely found in people who eat that food regularly and digest it perfectly well. The allergy and immunology bodies BSACI, EAACI and AAAAI all advise against using IgG food panels to decide what to eat, so a result here is not a reason to avoid Curry (Mixed Spices).","","",""
"Cuttlefish (IgG)","cuttlefish-igg","","SENSITIVITY","Signature","Food Sensitivity: Fish & Seafood","","yes","DRAFT","","398","TEMPLATE-FAMILY","Measures IgG antibodies to Cuttlefish in the blood. Producing IgG to a food records exposure to it rather than a problem with it, and it is routinely found in people who eat that food regularly and digest it perfectly well. The allergy and immunology bodies BSACI, EAACI and AAAAI all advise against using IgG food panels to decide what to eat, so a result here is not a reason to avoid Cuttlefish.","","",""
"Cystatin C","cystatin-c","","MEASURED","Insight 360; Signature","Kidney Health","","","DRAFT","","211","CROSS-REFERENCES(Creatinine)","A small protein made at a steady rate by almost every cell and cleared by the kidneys. It is used to estimate kidney filtration, and unlike creatinine it is largely unaffected by how much muscle someone carries.","","",""
"D-dimer","d-dimer","","MEASURED","Insight 360; Signature","Infection & Inflammation","","","DRAFT","","162","","A fragment left behind when the body breaks down a blood clot. It is used mainly to help rule blood clots out, because a great many ordinary things also raise it.","","",""
"DHEA-S","dhea-s","","MEASURED","HSC14 Fertility; Core; Insight 360; Signature","Pituitary & Adrenal","","","DRAFT","","203","CROSS-REFERENCES(Testosterone; Testosterone)","A hormone produced by the adrenal glands, a precursor to testosterone and oestrogen.","Can relate to adrenal conditions.","Can relate to reduced adrenal reserve or normal ageing.","Naturally declines with age."
"Date (IgG)","date-igg","","SENSITIVITY","Signature","Food Sensitivity: Fruit","","yes","DRAFT","","386","TEMPLATE-FAMILY","Measures IgG antibodies to Date in the blood. Producing IgG to a food records exposure to it rather than a problem with it, and it is routinely found in people who eat that food regularly and digest it perfectly well. The allergy and immunology bodies BSACI, EAACI and AAAAI all advise against using IgG food panels to decide what to eat, so a result here is not a reason to avoid Date.","","",""
"Diastolic Blood Pressure","diastolic-blood-pressure","","MEASURED","Insight 360; Signature","Personal Health Measurements; Metabolic Syndrome","","","DRAFT","","187","","The pressure in the arteries between heartbeats, while the heart is refilling. It is the lower of the two numbers in a blood pressure reading and is taken with a cuff at your appointment.","","",""
"Dill (IgG)","dill-igg","","SENSITIVITY","Signature","Food Sensitivity: Herbs & Spices","","yes","DRAFT","","386","TEMPLATE-FAMILY","Measures IgG antibodies to Dill in the blood. Producing IgG to a food records exposure to it rather than a problem with it, and it is routinely found in people who eat that food regularly and digest it perfectly well. The allergy and immunology bodies BSACI, EAACI and AAAAI all advise against using IgG food panels to decide what to eat, so a result here is not a reason to avoid Dill.","","",""
"Direct Bilirubin","direct-bilirubin","","MEASURED","Insight 360; Signature","Liver Health","","","DRAFT","","187","","The portion of bilirubin that the liver has already processed and prepared for excretion in bile. It is reported alongside total bilirubin to show which part of the total it accounts for.","","",""
"Duck (IgG)","duck-igg","","SENSITIVITY","Signature","Food Sensitivity: Meat","","yes","DRAFT","","386","TEMPLATE-FAMILY","Measures IgG antibodies to Duck in the blood. Producing IgG to a food records exposure to it rather than a problem with it, and it is routinely found in people who eat that food regularly and digest it perfectly well. The allergy and immunology bodies BSACI, EAACI and AAAAI all advise against using IgG food panels to decide what to eat, so a result here is not a reason to avoid Duck.","","",""
"Durum Wheat (IgG)","durum-wheat-igg","","SENSITIVITY","Signature","Food Sensitivity: Grains","","yes","DRAFT","","400","TEMPLATE-FAMILY","Measures IgG antibodies to Durum Wheat in the blood. Producing IgG to a food records exposure to it rather than a problem with it, and it is routinely found in people who eat that food regularly and digest it perfectly well. The allergy and immunology bodies BSACI, EAACI and AAAAI all advise against using IgG food panels to decide what to eat, so a result here is not a reason to avoid Durum Wheat.","","",""
"E-Selectin","e-selectin","","MEASURED","Insight 360; Signature","Infection & Inflammation","","","DRAFT","","224","","An adhesion molecule that appears on the inner lining of blood vessels and helps white blood cells stick to it. It is a research marker of blood vessel lining activation and has no established interpretation in routine care.","","",""
"ECG","ecg","","QUALITATIVE","Signature; Insight 360","Heart Health","","","DRAFT","","181","","An electrocardiogram, a recording of the heart’s electrical activity taken through electrodes placed on the skin. It is reported as a written interpretation rather than as a number.","","",""
"ESR (Erythrocyte Sedimentation Rate)","esr","","MEASURED","Ran Chip Insight 360","","","","DRAFT","","195","","A general marker of inflammation in the body.","Can reflect infection, inflammation, or other underlying conditions.","","A non-specific marker, usually interpreted alongside other results and symptoms."
"Eel (IgG)","eel-igg","","SENSITIVITY","Signature","Food Sensitivity: Fish & Seafood","","yes","DRAFT","","384","TEMPLATE-FAMILY","Measures IgG antibodies to Eel in the blood. Producing IgG to a food records exposure to it rather than a problem with it, and it is routinely found in people who eat that food regularly and digest it perfectly well. The allergy and immunology bodies BSACI, EAACI and AAAAI all advise against using IgG food panels to decide what to eat, so a result here is not a reason to avoid Eel.","","",""
"Egg White (IgG)","egg-white-igg","","SENSITIVITY","Signature","Food Sensitivity: Dairy & Eggs","","yes","DRAFT","","396","TEMPLATE-FAMILY","Measures IgG antibodies to Egg White in the blood. Producing IgG to a food records exposure to it rather than a problem with it, and it is routinely found in people who eat that food regularly and digest it perfectly well. The allergy and immunology bodies BSACI, EAACI and AAAAI all advise against using IgG food panels to decide what to eat, so a result here is not a reason to avoid Egg White.","","",""
"Egg Yolk (IgG)","egg-yolk-igg","","SENSITIVITY","Signature","Food Sensitivity: Dairy & Eggs","","yes","DRAFT","","394","TEMPLATE-FAMILY","Measures IgG antibodies to Egg Yolk in the blood. Producing IgG to a food records exposure to it rather than a problem with it, and it is routinely found in people who eat that food regularly and digest it perfectly well. The allergy and immunology bodies BSACI, EAACI and AAAAI all advise against using IgG food panels to decide what to eat, so a result here is not a reason to avoid Egg Yolk.","","",""
"Enterobacter cloacae","enterobacter-cloacae","","QUALITATIVE","Signature","UTI","","","DRAFT","","158","","Enterobacter cloacae, a bacterium that lives in the gut and is also found in urinary infection. The panel reports whether it was detected in the urine sample.","","",""
"Enterococcus faecalis","enterococcus-faecalis","","QUALITATIVE","Signature","UTI","","","DRAFT","","164","","Enterococcus faecalis, one of the commonest gut bacteria and a recognised cause of urinary infection. The panel reports whether it was detected in the urine sample.","","",""
"Enterococcus faecium","enterococcus-faecium","","QUALITATIVE","Signature","UTI","","","DRAFT","","148","","Enterococcus faecium, a relative of Enterococcus faecalis that also lives in the gut. The panel reports whether it was detected in the urine sample.","","",""
"Eosinophil Count","eosinophils","","MEASURED","Core; Insight 360; Signature","Full Blood Count","","","DRAFT","","268","","A white blood cell involved in allergic responses and in resisting parasitic infection.","Can reflect allergy, asthma, eczema or hay fever, and less commonly a parasitic infection.","Rarely significant on its own.","Often higher during hay fever season or an allergic flare."
"Epidermal Growth Factor","egf","","MEASURED","Insight 360; Signature","Infection & Inflammation; Stress","","","DRAFT","","201","","Epidermal growth factor, a signalling protein involved in the growth and repair of skin and other tissues. It is measured as a research marker, and a single reading has no established clinical meaning.","","",""
"Epstein-Barr Antibodies","epstein-barr-antibodies","","MEASURED","Signature","Epstein-Barr Virus","","","DRAFT","","185","","A combined measure of antibodies against Epstein-Barr virus, the virus behind glandular fever. It is reported as an index against the assay’s own cut-off rather than as a concentration.","","",""
"Epstein-Barr Nuclear Antigen IgG","epstein-barr-nuclear-antigen-igg","","MEASURED","Signature","Epstein-Barr Virus","","","DRAFT","","221","","IgG antibodies against the Epstein-Barr nuclear antigen, which usually appear some weeks to months after a first infection and then persist. It is read with the other Epstein-Barr antibodies to place an infection in time.","","",""
"Epstein-Barr Viral Capsid Antigen IgG","epstein-barr-viral-capsid-antigen-igg","","MEASURED","Signature","Epstein-Barr Virus","","","DRAFT","","177","","IgG antibodies against the outer protein coat of Epstein-Barr virus. Once formed these generally persist for life, so they speak to past exposure rather than to current illness.","","",""
"Epstein-Barr Viral Capsid Antigen IgM","epstein-barr-viral-capsid-antigen-igm","","MEASURED","Signature","Epstein-Barr Virus","","","DRAFT","","205","","IgM antibodies against the outer protein coat of Epstein-Barr virus. IgM is the first antibody class the body makes and usually fades within a few months, so it is used to judge how recent an exposure was.","","",""
"Escherichia coli","escherichia-coli","","QUALITATIVE","Signature","UTI","","","DRAFT","","185","","Escherichia coli, a bacterium that normally lives in the gut and is by far the commonest cause of urinary tract infection. The panel reports whether it was detected in the urine sample.","","",""
"FSH (Follicle Stimulating Hormone)","fsh","","MEASURED","HSC14 Fertility; Core; Insight 360; Signature","Male Hormone; Pituitary & Adrenal; Female Hormone","","","DRAFT","","183","","A hormone that regulates the menstrual cycle and sperm production.","Can relate to reduced ovarian reserve or menopause.","","Timing in the menstrual cycle significantly affects this result."
"Familial Hypercholesterolaemia Risk","familial-hypercholesterolaemia-risk","","GENETIC","Signature","Health & Wellbeing","","","DRAFT","","283","","Relates to variants in genes such as LDLR, APOB and PCSK9 associated with familial hypercholesterolaemia, an inherited condition of cholesterol handling. A panel of this kind covers only some of the many known variants, so on its own it can neither confirm nor exclude the condition.","","",""
"Fasting Glucose","glucose","","MEASURED","Ran Chip Insight 360; Signature; Advanced GP3 (Male); Advanced GP3 (Female); RP3 Metabolic Syndrome; Insight 360; Core","Metabolic Syndrome; Diabetes Health","","","DRAFT","","210","","The amount of sugar circulating in your blood after fasting.","Can indicate insulin resistance or a risk of developing diabetes.","","Reducing refined carbohydrates and regular activity both help regulate blood sugar."
"Fasting Insulin","fasting-insulin","","MEASURED","RP3 Metabolic Syndrome; Core; Insight 360; Signature","Metabolic Syndrome; Diabetes Health","","","DRAFT","","254","","The hormone that regulates blood sugar, measured after fasting.","Elevated levels can be an early sign of insulin resistance, often before blood sugar itself rises.","","Reducing refined carbohydrate intake and regular exercise both improve insulin sensitivity."
"Fasting Response","fasting-response","","GENETIC","Signature","Diet & Nutrition","","","DRAFT","","182","TEMPLATED","Relates to inherited variation in genes involved in switching between glucose and fat as a fuel. Research in this area is at an early stage and no dietary conclusion follows from it.","","",""
"Fennel (Leaf) (IgG)","fennel-leaf-igg","","SENSITIVITY","Signature","Food Sensitivity: Vegetables","","yes","DRAFT","","404","TEMPLATE-FAMILY","Measures IgG antibodies to Fennel (Leaf) in the blood. Producing IgG to a food records exposure to it rather than a problem with it, and it is routinely found in people who eat that food regularly and digest it perfectly well. The allergy and immunology bodies BSACI, EAACI and AAAAI all advise against using IgG food panels to decide what to eat, so a result here is not a reason to avoid Fennel (Leaf).","","",""
"Ferritin","ferritin","","MEASURED","Ran Chip Insight 360; Advanced GP3 (Male); Advanced GP3 (Female); Nutritional Health HSC15; Core; Insight 360; Signature","Iron Status; Infection & Inflammation; Liver Health","","","DRAFT","","300","","A protein that stores iron. Reflects your body’s iron reserves.","Can reflect iron overload or, commonly, an inflammatory response rather than true excess iron.","Indicates depleted iron stores, often before anaemia develops.","Iron-rich food helps; persistent low levels are worth discussing with your GP."
"Fig (IgG)","fig-igg","","SENSITIVITY","Signature","Food Sensitivity: Fruit","","yes","DRAFT","","384","TEMPLATE-FAMILY","Measures IgG antibodies to Fig in the blood. Producing IgG to a food records exposure to it rather than a problem with it, and it is routinely found in people who eat that food regularly and digest it perfectly well. The allergy and immunology bodies BSACI, EAACI and AAAAI all advise against using IgG food panels to decide what to eat, so a result here is not a reason to avoid Fig.","","",""
"Flax Seed (IgG)","flax-seed-igg","","SENSITIVITY","Signature","Food Sensitivity: Nuts & Seeds","","yes","DRAFT","","396","TEMPLATE-FAMILY","Measures IgG antibodies to Flax Seed in the blood. Producing IgG to a food records exposure to it rather than a problem with it, and it is routinely found in people who eat that food regularly and digest it perfectly well. The allergy and immunology bodies BSACI, EAACI and AAAAI all advise against using IgG food panels to decide what to eat, so a result here is not a reason to avoid Flax Seed.","","",""
"Folate","folate","","MEASURED","Ran Chip Insight 360; Nutritional Health HSC15; Core; Insight 360; Signature","Nutritional Health","","","DRAFT","","184","","A B-vitamin needed for cell division and red blood cell production.","","Can contribute to fatigue and anaemia.","Leafy greens, legumes, and fortified foods support levels in the usual range."
"Folate Deficiency Risk","folate-deficiency-risk","","GENETIC","Signature","Diet & Nutrition","","","DRAFT","","196","","Relates to variants in MTHFR and related genes, which affect how folate is converted into the form the body uses. It describes an inherited tendency rather than measuring the folate in your blood.","","",""
"Free Androgen Index","free-androgen-index","","MEASURED","Core; Insight 360; Signature","Female Hormone","","","DRAFT","","220","CROSS-REFERENCES(Testosterone; Testosterone)","A calculation comparing total testosterone with sex hormone binding globulin, the protein that carries most of it. It is used to estimate how much testosterone is available to the tissues rather than bound up in transit.","","",""
"Free T3","free-t3","","MEASURED","Ran Chip Insight 360; Advanced GP3 (Male); Advanced GP3 (Female); Core; Insight 360; Signature","Thyroid Health","","","DRAFT","","190","","An active thyroid hormone that influences metabolism.","Can indicate an overactive thyroid.","Can indicate an underactive thyroid or non-thyroidal illness.","Interpreted alongside TSH and Free T4."
"Free T4","free-t4","","MEASURED","Ran Chip Insight 360; Advanced GP3 (Male); Advanced GP3 (Female); Core; Insight 360; Signature","Thyroid Health","","","DRAFT","","187","","The main hormone produced by your thyroid gland.","Can indicate an overactive thyroid.","Can indicate an underactive thyroid.","Interpreted alongside TSH for a full picture of thyroid function."
"Free Testosterone","free-testosterone","","MEASURED","Ran Chip Insight 360; Advanced GP3 (Male); Signature; Advanced GP3 (Female); Nutritional Health HSC15; RP3 Metabolic Syndrome; RP10 Heart Health; HSC14 Fertility; Insight 360; Core","Male Hormone","","","DRAFT","","254","","The portion of testosterone that’s freely available for your body to use.","","Can better explain symptoms than total testosterone alone, especially if SHBG is outside its usual range.","Sleep, resistance exercise, and healthy weight all support natural levels."
"Fructosamine","fructosamine","","MEASURED","Insight 360; Signature","Diabetes Health","","","DRAFT","","231","","A measure of glucose bound to proteins in the blood, reflecting average glucose over roughly the previous two to three weeks. It is used where HbA1c would be unreliable, such as when red blood cells are turning over unusually fast.","","",""
"GGT (Gamma-Glutamyl Transferase)","ggt","","MEASURED","Ran Chip Insight 360; Advanced GP3 (Female); Advanced GP3 (Male); Core; Insight 360; Signature","Liver Health","","","DRAFT","","212","","A liver enzyme sensitive to alcohol intake and bile flow.","Can reflect alcohol intake, fatty liver, or bile duct issues.","","Often the first liver marker to rise with alcohol intake and the first to fall on reduction."
"Garlic (IgG)","garlic-igg","","SENSITIVITY","Signature","Food Sensitivity: Herbs & Spices","","yes","DRAFT","","390","TEMPLATE-FAMILY","Measures IgG antibodies to Garlic in the blood. Producing IgG to a food records exposure to it rather than a problem with it, and it is routinely found in people who eat that food regularly and digest it perfectly well. The allergy and immunology bodies BSACI, EAACI and AAAAI all advise against using IgG food panels to decide what to eat, so a result here is not a reason to avoid Garlic.","","",""
"Gastric Parietal Cell Antibodies","gastric-parietal-cell-antibodies","","MEASURED","Insight 360; Signature","Autoimmune","","","DRAFT","","241","","Antibodies directed at the stomach’s parietal cells, which make stomach acid and the protein needed to absorb vitamin B12. They are measured as part of the assessment of vitamin B12 deficiency and autoimmune conditions of the stomach lining.","","",""
"Gastrin","gastrin","","MEASURED","Insight 360; Signature","Digestive & Bowel Health","","","DRAFT","","163","","A hormone made in the stomach lining that stimulates the production of stomach acid. It is measured as part of the assessment of how the stomach is producing acid.","","",""
"Genetic Coeliac Disease","genetic-coeliac-disease","","GENETIC","Insight 360; Signature","Digestive & Bowel Health; Genetic Risk Assessment","","","DRAFT","","263","","Looks at the HLA-DQ2 and HLA-DQ8 tissue types, which are carried by almost everyone who develops coeliac disease. They are also common in people who never develop it, so this indicator is far more informative for what it can rule out than for what it can rule in.","","",""
"Genetic Lactose Intolerance","genetic-lactose-intolerance","","GENETIC","Insight 360; Signature","Digestive & Bowel Health; Diet & Nutrition; Genetic Risk Assessment","","","DRAFT","","224","","Looks at a variant near the lactase gene that governs whether the enzyme for digesting milk sugar keeps being produced into adult life. It describes an inherited tendency and does not measure how milk is being tolerated now.","","",""
"Genetic Obesity Risk","genetic-obesity-risk","","GENETIC","Signature","Health & Wellbeing","","","DRAFT","","231","","Relates to variants such as those in FTO and MC4R, associated with differences in body weight across large populations. The contribution of any one variant is small and is readily outweighed by everything else that bears on weight.","","",""
"Genetic Type II Diabetes Risk","genetic-type-ii-diabetes-risk","","GENETIC","Signature","Health & Wellbeing","","","DRAFT","","235","","Relates to variants such as those in TCF7L2, associated with type 2 diabetes across large populations. It describes an inherited tendency and says nothing about whether the condition is present, which is what glucose and HbA1c are for.","","",""
"Ginger (IgG)","ginger-igg","","SENSITIVITY","Signature","Food Sensitivity: Herbs & Spices","","yes","DRAFT","","390","TEMPLATE-FAMILY","Measures IgG antibodies to Ginger in the blood. Producing IgG to a food records exposure to it rather than a problem with it, and it is routinely found in people who eat that food regularly and digest it perfectly well. The allergy and immunology bodies BSACI, EAACI and AAAAI all advise against using IgG food panels to decide what to eat, so a result here is not a reason to avoid Ginger.","","",""
"Ginseng (IgG)","ginseng-igg","","SENSITIVITY","Signature","Food Sensitivity: Herbs & Spices","","yes","DRAFT","","392","TEMPLATE-FAMILY","Measures IgG antibodies to Ginseng in the blood. Producing IgG to a food records exposure to it rather than a problem with it, and it is routinely found in people who eat that food regularly and digest it perfectly well. The allergy and immunology bodies BSACI, EAACI and AAAAI all advise against using IgG food panels to decide what to eat, so a result here is not a reason to avoid Ginseng.","","",""
"Gliadin (IgG)","gliadin-igg","","SENSITIVITY","Signature","Food Sensitivity: Grains","","yes","DRAFT","","392","TEMPLATE-FAMILY","Measures IgG antibodies to Gliadin in the blood. Producing IgG to a food records exposure to it rather than a problem with it, and it is routinely found in people who eat that food regularly and digest it perfectly well. The allergy and immunology bodies BSACI, EAACI and AAAAI all advise against using IgG food panels to decide what to eat, so a result here is not a reason to avoid Gliadin.","","",""
"Globulin","globulin","","MEASURED","Core; Insight 360; Signature","Liver Health","","","DRAFT","","198","CROSS-REFERENCES(Total Protein)","All the blood proteins other than albumin taken together, including antibodies and carrier proteins. It is usually calculated by subtracting albumin from total protein rather than measured directly.","","",""
"Glucose (urine)","glucose-urine","","MEASURED","Insight 360; Signature","Urinalysis","","","DRAFT","","167","","A urine dipstick reading for glucose. The kidneys normally reabsorb glucose before urine is formed, so the strip is a coarse screen and not a measure of blood glucose.","","",""
"Glutamate Dehydrogenase (GLDH)","gldh","","MEASURED","Signature; Insight 360","Liver Health","","","DRAFT","","199","","Glutamate dehydrogenase, an enzyme concentrated inside liver cells, particularly in their mitochondria. It is measured as a liver enzyme that is more specific to the liver than several of the others.","","",""
"Glutathione Reductase","glutathione-reductase","","MEASURED","Insight 360; Signature","Nutritional Health","","","DRAFT","","191","","An enzyme in red blood cells that regenerates glutathione, one of the body’s antioxidants. Its activity depends on vitamin B2, so the test is used as an indirect measure of riboflavin status.","","",""
"Gluten Intolerance","gluten-intolerance","","GENETIC","Signature","Diet & Nutrition","","","DRAFT","","175","","Relates to the HLA tissue types associated with coeliac disease. It is not a test for gluten sensitivity more broadly, and it cannot show whether gluten is behind any symptom.","","",""
"Grape (Black/Red/White) (IgG)","grape-black-red-white-igg","","SENSITIVITY","Signature","Food Sensitivity: Fruit","","yes","DRAFT","","424","TEMPLATE-FAMILY","Measures IgG antibodies to Grape (Black/Red/White) in the blood. Producing IgG to a food records exposure to it rather than a problem with it, and it is routinely found in people who eat that food regularly and digest it perfectly well. The allergy and immunology bodies BSACI, EAACI and AAAAI all advise against using IgG food panels to decide what to eat, so a result here is not a reason to avoid Grape (Black/Red/White).","","",""
"Grapefruit (IgG)","grapefruit-igg","","SENSITIVITY","Signature","Food Sensitivity: Fruit","","yes","DRAFT","","398","TEMPLATE-FAMILY","Measures IgG antibodies to Grapefruit in the blood. Producing IgG to a food records exposure to it rather than a problem with it, and it is routinely found in people who eat that food regularly and digest it perfectly well. The allergy and immunology bodies BSACI, EAACI and AAAAI all advise against using IgG food panels to decide what to eat, so a result here is not a reason to avoid Grapefruit.","","",""
"Guava (IgG)","guava-igg","","SENSITIVITY","Signature","Food Sensitivity: Fruit","","yes","DRAFT","","388","TEMPLATE-FAMILY","Measures IgG antibodies to Guava in the blood. Producing IgG to a food records exposure to it rather than a problem with it, and it is routinely found in people who eat that food regularly and digest it perfectly well. The allergy and immunology bodies BSACI, EAACI and AAAAI all advise against using IgG food panels to decide what to eat, so a result here is not a reason to avoid Guava.","","",""
"H. Pylori","h-pylori","","MEASURED","Insight 360; Signature","Digestive & Bowel Health; Digestive Health","","","DRAFT","","155","","A test for Helicobacter pylori, a bacterium that can live in the lining of the stomach. It is reported as detected or not detected rather than as a number.","","",""
"HDL Cholesterol","hdl","","MEASURED","Ran Chip Insight 360; Signature; Advanced GP3 (Female); Advanced GP3 (Male); RP3 Metabolic Syndrome; RP10 Heart Health; Core; Insight 360","Heart Health; Metabolic Syndrome","","","DRAFT","","210","","Often called “good” cholesterol. Helps remove excess cholesterol from your bloodstream.","","Lower levels are linked to increased cardiovascular risk.","Regular exercise is one of the most effective ways to raise HDL."
"Haddock (IgG)","haddock-igg","","SENSITIVITY","Signature","Food Sensitivity: Fish & Seafood","","yes","DRAFT","","392","TEMPLATE-FAMILY","Measures IgG antibodies to Haddock in the blood. Producing IgG to a food records exposure to it rather than a problem with it, and it is routinely found in people who eat that food regularly and digest it perfectly well. The allergy and immunology bodies BSACI, EAACI and AAAAI all advise against using IgG food panels to decide what to eat, so a result here is not a reason to avoid Haddock.","","",""
"Haematocrit","haematocrit","","MEASURED","Ran Chip Insight 360; Core; Insight 360; Signature","Full Blood Count","","","DRAFT","","207","CROSS-REFERENCES(Haemoglobin; Haemoglobin)","The proportion of your blood made up of red blood cells.","Can reflect dehydration or overproduction of red cells.","Often reflects anaemia or overhydration.","Interpreted alongside haemoglobin and red cell count."
"Haemochromatosis Risk","haemochromatosis-risk","","GENETIC","Signature","Genetic Risk Assessment","","","DRAFT","","290","","Looks at the HFE gene variants, chiefly C282Y and H63D, associated with hereditary haemochromatosis, a condition in which too much iron is absorbed. Many people who carry these variants never accumulate excess iron, and it is iron studies in the blood that show whether any is accumulating.","","",""
"Haemoglobin","haemoglobin","","MEASURED","Signature; Advanced GP3 (Male); Nutritional Health HSC15; Ran Chip Insight 360; Core; Insight 360","Full Blood Count","1","","DRAFT","","356","","The protein in red blood cells that carries oxygen around your body.","Can reflect dehydration, smoking, or conditions that increase red cell production.","Often reflects anaemia: reduced capacity to carry oxygen, which can cause fatigue and breathlessness.","Iron-rich food, staying hydrated, and treating any underlying cause support levels in the usual range."
"Haemoglobin","haemoglobin-f","","MEASURED","Signature; Ran Chip Insight 360; Advanced GP3 (Female)","","1","","DRAFT","","356","","The protein in red blood cells that carries oxygen around your body.","Can reflect dehydration, smoking, or conditions that increase red cell production.","Often reflects anaemia: reduced capacity to carry oxygen, which can cause fatigue and breathlessness.","Iron-rich food, staying hydrated, and treating any underlying cause support levels in the usual range."
"Hake (IgG)","hake-igg","","SENSITIVITY","Signature","Food Sensitivity: Fish & Seafood","","yes","DRAFT","","386","TEMPLATE-FAMILY","Measures IgG antibodies to Hake in the blood. Producing IgG to a food records exposure to it rather than a problem with it, and it is routinely found in people who eat that food regularly and digest it perfectly well. The allergy and immunology bodies BSACI, EAACI and AAAAI all advise against using IgG food panels to decide what to eat, so a result here is not a reason to avoid Hake.","","",""
"Hazelnut (IgG)","hazelnut-igg","","SENSITIVITY","Signature","Food Sensitivity: Nuts & Seeds","","yes","DRAFT","","394","TEMPLATE-FAMILY","Measures IgG antibodies to Hazelnut in the blood. Producing IgG to a food records exposure to it rather than a problem with it, and it is routinely found in people who eat that food regularly and digest it perfectly well. The allergy and immunology bodies BSACI, EAACI and AAAAI all advise against using IgG food panels to decide what to eat, so a result here is not a reason to avoid Hazelnut.","","",""
"HbA1c","hba1c","","MEASURED","Ran Chip Insight 360; Advanced GP3 (Male); Advanced GP3 (Female); Nutritional Health HSC15; RP3 Metabolic Syndrome; Core; Insight 360; Signature","Metabolic Syndrome; Diabetes Health","","","DRAFT","","203","","A measure of your average blood sugar over the past 2–3 months.","Higher levels indicate a risk of, or existing, diabetes.","","Diet, weight management, and activity all meaningfully influence this over months."
"Height","height","","MEASURED","Insight 360; Signature","Metabolic Syndrome; Personal Health Measurements","","","DRAFT","","163","","Your standing height, measured at your appointment. It is recorded so it can be used in calculations such as body mass index rather than as a measurement of blood.","","",""
"Herring (IgG)","herring-igg","","SENSITIVITY","Signature","Food Sensitivity: Fish & Seafood","","yes","DRAFT","","392","TEMPLATE-FAMILY","Measures IgG antibodies to Herring in the blood. Producing IgG to a food records exposure to it rather than a problem with it, and it is routinely found in people who eat that food regularly and digest it perfectly well. The allergy and immunology bodies BSACI, EAACI and AAAAI all advise against using IgG food panels to decide what to eat, so a result here is not a reason to avoid Herring.","","",""
"High Cholesterol and Cardiovascular Disease Risk","high-cholesterol-and-cardiovascular-disease-risk","","GENETIC","Signature","Health & Wellbeing","","","DRAFT","","232","","Relates to variants, including those in APOE, associated with differences in blood cholesterol and cardiovascular risk across populations. It is a separate thing from measuring cholesterol itself, which is what the lipid results do.","","",""
"Hip Circumference","hip-circumference","","MEASURED","Insight 360; Signature","Personal Health Measurements","","","DRAFT","","165","","The distance around the hips at their widest point, taken with a tape at your appointment. It is recorded mainly so that it can be compared with waist circumference.","","",""
"Homocysteine","homocysteine","","MEASURED","RP10 Heart Health; Core; Insight 360; Signature","Heart Health","","","DRAFT","","206","","An amino acid linked to B-vitamin status and cardiovascular health.","Can reflect B12, B6, or folate deficiency, and is linked to cardiovascular risk.","","Often improves with adequate B-vitamin and folate intake."
"Hops (IgG)","hops-igg","","SENSITIVITY","Signature","Food Sensitivity: Herbs & Spices","","yes","DRAFT","","386","TEMPLATE-FAMILY","Measures IgG antibodies to Hops in the blood. Producing IgG to a food records exposure to it rather than a problem with it, and it is routinely found in people who eat that food regularly and digest it perfectly well. The allergy and immunology bodies BSACI, EAACI and AAAAI all advise against using IgG food panels to decide what to eat, so a result here is not a reason to avoid Hops.","","",""
"Horse (IgG)","horse-igg","","SENSITIVITY","Signature","Food Sensitivity: Meat","","yes","DRAFT","","388","TEMPLATE-FAMILY","Measures IgG antibodies to Horse in the blood. Producing IgG to a food records exposure to it rather than a problem with it, and it is routinely found in people who eat that food regularly and digest it perfectly well. The allergy and immunology bodies BSACI, EAACI and AAAAI all advise against using IgG food panels to decide what to eat, so a result here is not a reason to avoid Horse.","","",""
"Hydrogen Sulphide producing Bacteria","hydrogen-sulphide-producing-bacteria","","COMPOSITION","Signature","Bacterial Composition","","","DRAFT","","190","TEMPLATED","The share of your gut microbiome made up of bacteria that produce hydrogen sulphide. It is a proportion rather than a count, and the research on what different proportions mean is unsettled.","","",""
"Hypertension Risk","hypertension-risk","","GENETIC","Signature","Health & Wellbeing","","","DRAFT","","258","TEMPLATED","Relates to inherited variation in genes involved in regulating blood pressure, such as those of the renin angiotensin system. Each variant contributes very little, and a blood pressure reading measures directly what these can only suggest a tendency towards.","","",""
"IL-6 (Interleukin-6)","il-6","","MEASURED","RP10 Heart Health","","","","DRAFT","","187","","A signalling protein involved in the body’s inflammatory response.","Can reflect acute or chronic inflammation.","","Sleep, stress management, and reducing chronic inflammation sources all help."
"IgE","ige","","MEASURED","Insight 360; Signature","Allergy Evaluation","","","DRAFT","","207","","Immunoglobulin E, the class of antibody involved in immediate allergic reactions. A total IgE measures how much of it is circulating overall, and is read alongside symptoms and any allergen-specific testing.","","",""
"Injury Risk","injury-risk","","GENETIC","Signature","Athletic Performance","","","DRAFT","","218","TEMPLATED","Relates to inherited variation in genes shaping tendons, ligaments and other connective tissue. The associations with injury reported in the research are small, and this is not an assessment of any tissue as it is now.","","",""
"Insulin Like Growth Factor 1 (IGF-1)","igf-1","","MEASURED","Insight 360; Signature","Pituitary & Adrenal","","","DRAFT","","218","","Insulin like growth factor 1, made mainly by the liver in response to growth hormone. Because it is far steadier through the day than growth hormone itself, it is used as an indirect measure of growth hormone activity.","","",""
"Intercellular Cell Adhesion Molecule 1","icam-1","","MEASURED","Insight 360; Signature","Infection & Inflammation","","","DRAFT","","210","","An adhesion molecule on the inner lining of blood vessels that lets white blood cells attach and move into tissue. It is a research marker of inflammation in the vessel wall rather than a routine clinical test.","","",""
"Interleukin 8 (IL-8)","il-8","","MEASURED","Insight 360; Signature","Infection & Inflammation; Stress","","","DRAFT","","174","","Interleukin 8, a signalling protein that draws neutrophils towards a site of inflammation. It is a research marker, and levels move quickly in response to short-lived events.","","",""
"Interleukin-10 (IL-10)","il-10","","MEASURED","Insight 360; Signature","Infection & Inflammation","","","DRAFT","","205","","Interleukin 10, a signalling protein that damps inflammation down. It is a research marker of the balance between the immune system’s activating and calming signals, with no agreed clinical interpretation.","","",""
"Intrinsic Factor Antibodies","intrinsic-factor-antibodies","","MEASURED","Insight 360; Signature","Autoimmune","","","DRAFT","","198","","Antibodies directed at intrinsic factor, the stomach protein that allows vitamin B12 to be absorbed further down the gut. They are measured when the cause of a low vitamin B12 is being investigated.","","",""
"Ketones (urine)","ketones-urine","","MEASURED","Insight 360; Signature","Urinalysis","","","DRAFT","","207","","A urine dipstick reading for ketones, the compounds the body produces when it draws on fat rather than glucose for energy. They appear with fasting, low carbohydrate diets and illness as well as in diabetes.","","",""
"Kiwi (IgG)","kiwi-igg","","SENSITIVITY","Signature","Food Sensitivity: Fruit","","yes","DRAFT","","386","TEMPLATE-FAMILY","Measures IgG antibodies to Kiwi in the blood. Producing IgG to a food records exposure to it rather than a problem with it, and it is routinely found in people who eat that food regularly and digest it perfectly well. The allergy and immunology bodies BSACI, EAACI and AAAAI all advise against using IgG food panels to decide what to eat, so a result here is not a reason to avoid Kiwi.","","",""
"Klebsiella aerogenes","klebsiella-aerogenes","","QUALITATIVE","Signature","UTI","","","DRAFT","","141","","Klebsiella aerogenes, a gut bacterium that is also found in urinary infection. The panel reports whether it was detected in the urine sample.","","",""
"Klebsiella oxytoca","klebsiella-oxytoca","","QUALITATIVE","Signature","UTI","","","DRAFT","","139","","Klebsiella oxytoca, a bacterium of the same family as Klebsiella pneumoniae. The panel reports whether it was detected in the urine sample.","","",""
"Klebsiella pneumoniae","klebsiella-pneumoniae","","QUALITATIVE","Signature","UTI","","","DRAFT","","186","","Klebsiella pneumoniae, a bacterium that can live harmlessly in the gut and is also a recognised cause of urinary infection. The panel reports whether it was detected in the urine sample.","","",""
"L-Selectin","l-selectin","","MEASURED","Insight 360; Signature","Infection & Inflammation","","","DRAFT","","185","","An adhesion molecule carried on white blood cells that helps them leave the bloodstream and enter tissue. It is a research marker of immune activity rather than a routine clinical test.","","",""
"LDL Cholesterol","ldl","","MEASURED","Ran Chip Insight 360; Signature; Advanced GP3 (Male); Advanced GP3 (Female); RP10 Heart Health; Core; Insight 360","Heart Health","","","DRAFT","","190","","Often called “bad” cholesterol. Can build up in artery walls over time.","Higher levels are linked to increased cardiovascular risk.","","Diet lower in saturated fat and regular activity both help."
"LH (Luteinising Hormone)","lh","","MEASURED","HSC14 Fertility; Core; Insight 360; Signature","Male Hormone; Pituitary & Adrenal; Female Hormone","","","DRAFT","","136","","A hormone that triggers ovulation and supports testosterone production.","","","Timing in the menstrual cycle significantly affects this result."
"Lactate Dehydrogenase (LDH)","ldh","","MEASURED","Core; Insight 360; Signature","Liver Health","","","DRAFT","","204","","Lactate dehydrogenase, an enzyme present in almost every tissue and released whenever cells are damaged. Because it is so widespread, it indicates that cells somewhere have been damaged rather than where.","","",""
"Lamb (IgG)","lamb-igg","","SENSITIVITY","Signature","Food Sensitivity: Meat","","yes","DRAFT","","386","TEMPLATE-FAMILY","Measures IgG antibodies to Lamb in the blood. Producing IgG to a food records exposure to it rather than a problem with it, and it is routinely found in people who eat that food regularly and digest it perfectly well. The allergy and immunology bodies BSACI, EAACI and AAAAI all advise against using IgG food panels to decide what to eat, so a result here is not a reason to avoid Lamb.","","",""
"Leek (IgG)","leek-igg","","SENSITIVITY","Signature","Food Sensitivity: Vegetables","","yes","DRAFT","","386","TEMPLATE-FAMILY","Measures IgG antibodies to Leek in the blood. Producing IgG to a food records exposure to it rather than a problem with it, and it is routinely found in people who eat that food regularly and digest it perfectly well. The allergy and immunology bodies BSACI, EAACI and AAAAI all advise against using IgG food panels to decide what to eat, so a result here is not a reason to avoid Leek.","","",""
"Lemon (IgG)","lemon-igg","","SENSITIVITY","Signature","Food Sensitivity: Fruit","","yes","DRAFT","","388","TEMPLATE-FAMILY","Measures IgG antibodies to Lemon in the blood. Producing IgG to a food records exposure to it rather than a problem with it, and it is routinely found in people who eat that food regularly and digest it perfectly well. The allergy and immunology bodies BSACI, EAACI and AAAAI all advise against using IgG food panels to decide what to eat, so a result here is not a reason to avoid Lemon.","","",""
"Lentil (IgG)","lentil-igg","","SENSITIVITY","Signature","Food Sensitivity: Vegetables","","yes","DRAFT","","390","TEMPLATE-FAMILY","Measures IgG antibodies to Lentil in the blood. Producing IgG to a food records exposure to it rather than a problem with it, and it is routinely found in people who eat that food regularly and digest it perfectly well. The allergy and immunology bodies BSACI, EAACI and AAAAI all advise against using IgG food panels to decide what to eat, so a result here is not a reason to avoid Lentil.","","",""
"Lettuce (IgG)","lettuce-igg","","SENSITIVITY","Signature","Food Sensitivity: Vegetables","","yes","DRAFT","","392","TEMPLATE-FAMILY","Measures IgG antibodies to Lettuce in the blood. Producing IgG to a food records exposure to it rather than a problem with it, and it is routinely found in people who eat that food regularly and digest it perfectly well. The allergy and immunology bodies BSACI, EAACI and AAAAI all advise against using IgG food panels to decide what to eat, so a result here is not a reason to avoid Lettuce.","","",""
"Lime (IgG)","lime-igg","","SENSITIVITY","Signature","Food Sensitivity: Fruit","","yes","DRAFT","","386","TEMPLATE-FAMILY","Measures IgG antibodies to Lime in the blood. Producing IgG to a food records exposure to it rather than a problem with it, and it is routinely found in people who eat that food regularly and digest it perfectly well. The allergy and immunology bodies BSACI, EAACI and AAAAI all advise against using IgG food panels to decide what to eat, so a result here is not a reason to avoid Lime.","","",""
"Lipase","lipase","","MEASURED","Insight 360; Signature","Pancreatic Health","","","DRAFT","","135","","An enzyme made by the pancreas that breaks down dietary fat in the small intestine. It is measured when the pancreas is being assessed.","","",""
"Lipoprotein (a)","lipoprotein-a","","MEASURED","Core; Insight 360; Signature","Heart Health","","","DRAFT","","171","","A cholesterol-carrying particle with an additional protein attached to it. The amount someone has is largely set by inherited factors and changes very little through life.","","",""
"Liquorice (IgG)","liquorice-igg","","SENSITIVITY","Signature","Food Sensitivity: Herbs & Spices","","yes","DRAFT","","396","TEMPLATE-FAMILY","Measures IgG antibodies to Liquorice in the blood. Producing IgG to a food records exposure to it rather than a problem with it, and it is routinely found in people who eat that food regularly and digest it perfectly well. The allergy and immunology bodies BSACI, EAACI and AAAAI all advise against using IgG food panels to decide what to eat, so a result here is not a reason to avoid Liquorice.","","",""
"Lobster (IgG)","lobster-igg","","SENSITIVITY","Signature","Food Sensitivity: Fish & Seafood","","yes","DRAFT","","392","TEMPLATE-FAMILY","Measures IgG antibodies to Lobster in the blood. Producing IgG to a food records exposure to it rather than a problem with it, and it is routinely found in people who eat that food regularly and digest it perfectly well. The allergy and immunology bodies BSACI, EAACI and AAAAI all advise against using IgG food panels to decide what to eat, so a result here is not a reason to avoid Lobster.","","",""
"Lp-PLA2","lp-pla2","","MEASURED","RP10 Heart Health","","","","DRAFT","","228","","An enzyme linked to inflammation within blood vessel walls.","Associated with increased cardiovascular risk, independent of cholesterol levels.","","Anti-inflammatory lifestyle habits. Diet, exercise, not smoking. Support lower levels."
"Lychee (IgG)","lychee-igg","","SENSITIVITY","Signature","Food Sensitivity: Fruit","","yes","DRAFT","","390","TEMPLATE-FAMILY","Measures IgG antibodies to Lychee in the blood. Producing IgG to a food records exposure to it rather than a problem with it, and it is routinely found in people who eat that food regularly and digest it perfectly well. The allergy and immunology bodies BSACI, EAACI and AAAAI all advise against using IgG food panels to decide what to eat, so a result here is not a reason to avoid Lychee.","","",""
"Lymphocytes","lymphocytes","","MEASURED","Ran Chip Insight 360; Core; Insight 360; Signature","Full Blood Count","","","DRAFT","","241","","White blood cells central to your immune system’s response to viruses.","Can reflect a recent or ongoing viral infection.","Can reflect immune suppression or recent illness.","Often interpreted alongside white cell count and recent health history."
"Macadamia Nut (IgG)","macadamia-nut-igg","","SENSITIVITY","Signature","Food Sensitivity: Nuts & Seeds","","yes","DRAFT","","404","TEMPLATE-FAMILY","Measures IgG antibodies to Macadamia Nut in the blood. Producing IgG to a food records exposure to it rather than a problem with it, and it is routinely found in people who eat that food regularly and digest it perfectly well. The allergy and immunology bodies BSACI, EAACI and AAAAI all advise against using IgG food panels to decide what to eat, so a result here is not a reason to avoid Macadamia Nut.","","",""
"Mackerel (IgG)","mackerel-igg","","SENSITIVITY","Signature","Food Sensitivity: Fish & Seafood","","yes","DRAFT","","394","TEMPLATE-FAMILY","Measures IgG antibodies to Mackerel in the blood. Producing IgG to a food records exposure to it rather than a problem with it, and it is routinely found in people who eat that food regularly and digest it perfectly well. The allergy and immunology bodies BSACI, EAACI and AAAAI all advise against using IgG food panels to decide what to eat, so a result here is not a reason to avoid Mackerel.","","",""
"Macrophage Inflammatory Protein 1 alpha","mip-1-alpha","","MEASURED","Insight 360; Signature","Kidney Health","","","DRAFT","","204","","Macrophage inflammatory protein 1 alpha, a signalling protein that recruits white blood cells to inflamed tissue. It is measured as a research marker and has no established interpretation in routine care.","","",""
"Magnesium","magnesium","","MEASURED","Core; Insight 360; Signature","Kidney Health; Nutritional Health","","","DRAFT","","225","","A mineral required by hundreds of enzyme reactions, including those of nerve and muscle function. Blood holds only a small fraction of the body’s total magnesium, so a serum measurement is an indirect guide to overall stores.","","",""
"Magnesium Deficiency Risk","magnesium-deficiency-risk","","GENETIC","Signature","Diet & Nutrition","","","DRAFT","","166","TEMPLATED","Relates to inherited variation in genes involved in absorbing and retaining magnesium. It describes a tendency and is not a measurement of the magnesium in your body.","","",""
"Malt (IgG)","malt-igg","","SENSITIVITY","Signature","Food Sensitivity: Grains","","yes","DRAFT","","386","TEMPLATE-FAMILY","Measures IgG antibodies to Malt in the blood. Producing IgG to a food records exposure to it rather than a problem with it, and it is routinely found in people who eat that food regularly and digest it perfectly well. The allergy and immunology bodies BSACI, EAACI and AAAAI all advise against using IgG food panels to decide what to eat, so a result here is not a reason to avoid Malt.","","",""
"Mango (IgG)","mango-igg","","SENSITIVITY","Signature","Food Sensitivity: Fruit","","yes","DRAFT","","388","TEMPLATE-FAMILY","Measures IgG antibodies to Mango in the blood. Producing IgG to a food records exposure to it rather than a problem with it, and it is routinely found in people who eat that food regularly and digest it perfectly well. The allergy and immunology bodies BSACI, EAACI and AAAAI all advise against using IgG food panels to decide what to eat, so a result here is not a reason to avoid Mango.","","",""
"Marjoram (IgG)","marjoram-igg","","SENSITIVITY","Signature","Food Sensitivity: Herbs & Spices","","yes","DRAFT","","394","TEMPLATE-FAMILY","Measures IgG antibodies to Marjoram in the blood. Producing IgG to a food records exposure to it rather than a problem with it, and it is routinely found in people who eat that food regularly and digest it perfectly well. The allergy and immunology bodies BSACI, EAACI and AAAAI all advise against using IgG food panels to decide what to eat, so a result here is not a reason to avoid Marjoram.","","",""
"Marrow (IgG)","marrow-igg","","SENSITIVITY","Signature","Food Sensitivity: Vegetables","","yes","DRAFT","","390","TEMPLATE-FAMILY","Measures IgG antibodies to Marrow in the blood. Producing IgG to a food records exposure to it rather than a problem with it, and it is routinely found in people who eat that food regularly and digest it perfectly well. The allergy and immunology bodies BSACI, EAACI and AAAAI all advise against using IgG food panels to decide what to eat, so a result here is not a reason to avoid Marrow.","","",""
"Mean Cell Haemoglobin (MCH)","mch","","MEASURED","Core; Insight 360; Signature","Full Blood Count","","","DRAFT","","304","","The average amount of haemoglobin carried inside each red blood cell.","Can accompany anaemia related to vitamin B12 or folate.","Can accompany iron-deficiency anaemia, where red cells are smaller and carry less haemoglobin.","Most useful alongside MCV and haemoglobin when working out the cause of an anaemia."
"Mean Cell Haemoglobin Concentration (MCHC)","mchc","","MEASURED","Core; Insight 360; Signature","Full Blood Count","","","DRAFT","","215","","How concentrated the haemoglobin is within your red blood cells.","Uncommon; can occur in certain inherited red cell conditions.","Can accompany iron deficiency.","Interpreted alongside MCV and MCH rather than on its own."
"Mean Cell Volume (MCV)","mcv","","MEASURED","Ran Chip Insight 360; Core; Signature; Insight 360","Full Blood Count","","","DRAFT","","207","","The average size of your red blood cells.","Can relate to vitamin B12 or folate deficiency, or alcohol intake.","Can relate to iron deficiency.","A useful clue to the underlying cause when haemoglobin is also low."
"Melon (Galia/Honeydew) (IgG)","melon-galia-honeydew-igg","","SENSITIVITY","Signature","Food Sensitivity: Fruit","","yes","DRAFT","","422","TEMPLATE-FAMILY","Measures IgG antibodies to Melon (Galia/Honeydew) in the blood. Producing IgG to a food records exposure to it rather than a problem with it, and it is routinely found in people who eat that food regularly and digest it perfectly well. The allergy and immunology bodies BSACI, EAACI and AAAAI all advise against using IgG food panels to decide what to eat, so a result here is not a reason to avoid Melon (Galia/Honeydew).","","",""
"Mental Health","mental-health","","GENETIC","Signature","Health & Wellbeing","","","DRAFT","","241","TEMPLATED","Relates to inherited variation in genes involved in handling brain chemical messengers such as serotonin and dopamine. The links between single variants and mental health are weak and much disputed, and nothing here can indicate a condition.","","",""
"Methicillin Resistance","methicillin-resistance","","QUALITATIVE","Signature","UTI","","","DRAFT","","199","","A test for the genetic marker that makes staphylococci resistant to methicillin and the related antibiotics. It describes a property of bacteria in the sample rather than a measurement of the person.","","",""
"Microalbumin/Creatinine Ratio","microalbumin-creatinine-ratio","","MEASURED","Insight 360; Signature","Kidney Health; Diabetes Health","","","DRAFT","","206","","The amount of albumin in a urine sample expressed against that sample’s creatinine, which corrects for how dilute it was. It is the standard way of detecting small amounts of protein passing into the urine.","","",""
"Microbiome weight gain conditions","microbiome-weight-gain-conditions","","COMPOSITION","Signature","Bacterial Composition","","","DRAFT","","229","","A composite reading built from the proportions of bacterial groups that some published studies have associated with body weight. Those associations have been inconsistent, and this is not a measurement of weight or of metabolism.","","",""
"Milk (Buffalo) (IgG)","milk-buffalo-igg","","SENSITIVITY","Signature","Food Sensitivity: Dairy & Eggs","","yes","DRAFT","","406","TEMPLATE-FAMILY","Measures IgG antibodies to Milk (Buffalo) in the blood. Producing IgG to a food records exposure to it rather than a problem with it, and it is routinely found in people who eat that food regularly and digest it perfectly well. The allergy and immunology bodies BSACI, EAACI and AAAAI all advise against using IgG food panels to decide what to eat, so a result here is not a reason to avoid Milk (Buffalo).","","",""
"Milk (Cow) (IgG)","milk-cow-igg","","SENSITIVITY","Signature","Food Sensitivity: Dairy & Eggs","","yes","DRAFT","","398","TEMPLATE-FAMILY","Measures IgG antibodies to Milk (Cow) in the blood. Producing IgG to a food records exposure to it rather than a problem with it, and it is routinely found in people who eat that food regularly and digest it perfectly well. The allergy and immunology bodies BSACI, EAACI and AAAAI all advise against using IgG food panels to decide what to eat, so a result here is not a reason to avoid Milk (Cow).","","",""
"Milk (Goat) (IgG)","milk-goat-igg","","SENSITIVITY","Signature","Food Sensitivity: Dairy & Eggs","","yes","DRAFT","","400","TEMPLATE-FAMILY","Measures IgG antibodies to Milk (Goat) in the blood. Producing IgG to a food records exposure to it rather than a problem with it, and it is routinely found in people who eat that food regularly and digest it perfectly well. The allergy and immunology bodies BSACI, EAACI and AAAAI all advise against using IgG food panels to decide what to eat, so a result here is not a reason to avoid Milk (Goat).","","",""
"Milk (Sheep) (IgG)","milk-sheep-igg","","SENSITIVITY","Signature","Food Sensitivity: Dairy & Eggs","","yes","DRAFT","","402","TEMPLATE-FAMILY","Measures IgG antibodies to Milk (Sheep) in the blood. Producing IgG to a food records exposure to it rather than a problem with it, and it is routinely found in people who eat that food regularly and digest it perfectly well. The allergy and immunology bodies BSACI, EAACI and AAAAI all advise against using IgG food panels to decide what to eat, so a result here is not a reason to avoid Milk (Sheep).","","",""
"Millet (IgG)","millet-igg","","SENSITIVITY","Signature","Food Sensitivity: Grains","","yes","DRAFT","","390","TEMPLATE-FAMILY","Measures IgG antibodies to Millet in the blood. Producing IgG to a food records exposure to it rather than a problem with it, and it is routinely found in people who eat that food regularly and digest it perfectly well. The allergy and immunology bodies BSACI, EAACI and AAAAI all advise against using IgG food panels to decide what to eat, so a result here is not a reason to avoid Millet.","","",""
"Mint (IgG)","mint-igg","","SENSITIVITY","Signature","Food Sensitivity: Herbs & Spices","","yes","DRAFT","","386","TEMPLATE-FAMILY","Measures IgG antibodies to Mint in the blood. Producing IgG to a food records exposure to it rather than a problem with it, and it is routinely found in people who eat that food regularly and digest it perfectly well. The allergy and immunology bodies BSACI, EAACI and AAAAI all advise against using IgG food panels to decide what to eat, so a result here is not a reason to avoid Mint.","","",""
"Monkfish (IgG)","monkfish-igg","","SENSITIVITY","Signature","Food Sensitivity: Fish & Seafood","","yes","DRAFT","","394","TEMPLATE-FAMILY","Measures IgG antibodies to Monkfish in the blood. Producing IgG to a food records exposure to it rather than a problem with it, and it is routinely found in people who eat that food regularly and digest it perfectly well. The allergy and immunology bodies BSACI, EAACI and AAAAI all advise against using IgG food panels to decide what to eat, so a result here is not a reason to avoid Monkfish.","","",""
"Monocyte Chemotactic Protein-1","mcp-1","","MEASURED","Insight 360; Signature","Infection & Inflammation; Stress","","","DRAFT","","151","","Monocyte chemotactic protein 1, a signalling protein that draws monocytes towards inflamed tissue. It is measured as a research marker of inflammation.","","",""
"Monocyte Count","monocytes","","MEASURED","Core; Insight 360; Signature","Full Blood Count","","","DRAFT","","305","","A type of white blood cell that clears damaged cells and helps coordinate the immune response.","Can reflect a chronic infection or an inflammatory process.","Uncommon in isolation and usually interpreted alongside the rest of the blood count.","Read alongside the other white cell types rather than on its own."
"Morganella morganii","morganella-morganii","","QUALITATIVE","Signature","UTI","","","DRAFT","","169","","Morganella morganii, found in the gut and in the environment and an occasional cause of urinary infection. The panel reports whether it was detected in the urine sample.","","",""
"Mulberry (IgG)","mulberry-igg","","SENSITIVITY","Signature","Food Sensitivity: Fruit","","yes","DRAFT","","394","TEMPLATE-FAMILY","Measures IgG antibodies to Mulberry in the blood. Producing IgG to a food records exposure to it rather than a problem with it, and it is routinely found in people who eat that food regularly and digest it perfectly well. The allergy and immunology bodies BSACI, EAACI and AAAAI all advise against using IgG food panels to decide what to eat, so a result here is not a reason to avoid Mulberry.","","",""
"Muscle Composition","muscle-composition","","GENETIC","Signature","Athletic Performance","","","DRAFT","","240","","Relates to variants such as those in the ACTN3 gene, associated with the proportions of fast and slow twitch muscle fibres. It describes an inherited tendency, and training has a far larger bearing on performance than any of these variants.","","",""
"Muscle Mass","muscle-mass","","GENETIC","Signature","Athletic Performance","","","DRAFT","","197","TEMPLATED","Relates to inherited variation in genes associated with muscle bulk across populations. The contribution of any single variant is small, and this is not a measurement of how much muscle is present.","","",""
"Muscle Recovery","muscle-recovery","","GENETIC","Signature","Athletic Performance","","","DRAFT","","178","TEMPLATED","Relates to inherited variation in genes involved in inflammation and tissue repair after exercise. The evidence linking these variants to how anyone actually recovers is limited.","","",""
"Mushroom (IgG)","mushroom-igg","","SENSITIVITY","Signature","Food Sensitivity: Misc","","yes","DRAFT","","394","TEMPLATE-FAMILY","Measures IgG antibodies to Mushroom in the blood. Producing IgG to a food records exposure to it rather than a problem with it, and it is routinely found in people who eat that food regularly and digest it perfectly well. The allergy and immunology bodies BSACI, EAACI and AAAAI all advise against using IgG food panels to decide what to eat, so a result here is not a reason to avoid Mushroom.","","",""
"Mussel (IgG)","mussel-igg","","SENSITIVITY","Signature","Food Sensitivity: Fish & Seafood","","yes","DRAFT","","390","TEMPLATE-FAMILY","Measures IgG antibodies to Mussel in the blood. Producing IgG to a food records exposure to it rather than a problem with it, and it is routinely found in people who eat that food regularly and digest it perfectly well. The allergy and immunology bodies BSACI, EAACI and AAAAI all advise against using IgG food panels to decide what to eat, so a result here is not a reason to avoid Mussel.","","",""
"Mustard Seed (IgG)","mustard-seed-igg","","SENSITIVITY","Signature","Food Sensitivity: Herbs & Spices","","yes","DRAFT","","402","TEMPLATE-FAMILY","Measures IgG antibodies to Mustard Seed in the blood. Producing IgG to a food records exposure to it rather than a problem with it, and it is routinely found in people who eat that food regularly and digest it perfectly well. The allergy and immunology bodies BSACI, EAACI and AAAAI all advise against using IgG food panels to decide what to eat, so a result here is not a reason to avoid Mustard Seed.","","",""
"Myoglobin","myoglobin","","MEASURED","Insight 360; Signature","Heart Health; Muscle & Joint Health","","","DRAFT","","199","","A protein that stores oxygen inside muscle cells and passes into the blood when muscle is damaged. It rises and clears quickly, and it does not distinguish heart muscle from the muscles of the limbs.","","",""
"Nectarine (IgG)","nectarine-igg","","SENSITIVITY","Signature","Food Sensitivity: Fruit","","yes","DRAFT","","396","TEMPLATE-FAMILY","Measures IgG antibodies to Nectarine in the blood. Producing IgG to a food records exposure to it rather than a problem with it, and it is routinely found in people who eat that food regularly and digest it perfectly well. The allergy and immunology bodies BSACI, EAACI and AAAAI all advise against using IgG food panels to decide what to eat, so a result here is not a reason to avoid Nectarine.","","",""
"Nettle (IgG)","nettle-igg","","SENSITIVITY","Signature","Food Sensitivity: Herbs & Spices","","yes","DRAFT","","390","TEMPLATE-FAMILY","Measures IgG antibodies to Nettle in the blood. Producing IgG to a food records exposure to it rather than a problem with it, and it is routinely found in people who eat that food regularly and digest it perfectly well. The allergy and immunology bodies BSACI, EAACI and AAAAI all advise against using IgG food panels to decide what to eat, so a result here is not a reason to avoid Nettle.","","",""
"Neuron Specific Enolase","nse","","MEASURED","Insight 360; Signature","Tumour Markers","","","DRAFT","","250","","Neuron specific enolase, an enzyme found in nerve cells and in cells of the neuroendocrine system. It is used as a tumour marker for certain neuroendocrine and small cell tumours, and any breakdown of red blood cells in the sample affects the result.","","",""
"Neutrophil Gelatinase Associated Lipocalin (NGAL)","ngal","","MEASURED","Insight 360; Signature","Kidney Health","","","DRAFT","","231","","Neutrophil gelatinase associated lipocalin, released by the kidney tubules and by certain white blood cells when they are under stress. It is studied as an early signal of kidney injury and is not yet part of routine clinical care.","","",""
"Neutrophils","neutrophils","","MEASURED","Ran Chip Insight 360; Core; Insight 360; Signature","Full Blood Count","","","DRAFT","","214","","The most common type of white blood cell, first responders to infection.","Can indicate bacterial infection, inflammation, or stress.","Can increase susceptibility to infection.","Levels shift quickly with acute illness."
"Nitrite (urine)","nitrite-urine","","MEASURED","Signature; Insight 360","Urinalysis","","","DRAFT","","219","","A urine dipstick reading for nitrite. Several urinary bacteria convert nitrate in urine into nitrite, so the square is an indirect screen for infection, and bacteria that do not make that conversion will not show on it.","","",""
"Non-Esterified Fatty Acids","nefa","","MEASURED","Insight 360; Signature","Diabetes Health","","","DRAFT","","230","","Fatty acids circulating unattached to other molecules, released when the body draws on its fat stores. They are measured mainly in research into fat and glucose metabolism, and they move sharply with fasting and with recent meals.","","",""
"Nutmeg (IgG)","nutmeg-igg","","SENSITIVITY","Signature","Food Sensitivity: Herbs & Spices","","yes","DRAFT","","390","TEMPLATE-FAMILY","Measures IgG antibodies to Nutmeg in the blood. Producing IgG to a food records exposure to it rather than a problem with it, and it is routinely found in people who eat that food regularly and digest it perfectly well. The allergy and immunology bodies BSACI, EAACI and AAAAI all advise against using IgG food panels to decide what to eat, so a result here is not a reason to avoid Nutmeg.","","",""
"Oat (IgG)","oat-igg","","SENSITIVITY","Signature","Food Sensitivity: Grains","","yes","DRAFT","","384","TEMPLATE-FAMILY","Measures IgG antibodies to Oat in the blood. Producing IgG to a food records exposure to it rather than a problem with it, and it is routinely found in people who eat that food regularly and digest it perfectly well. The allergy and immunology bodies BSACI, EAACI and AAAAI all advise against using IgG food panels to decide what to eat, so a result here is not a reason to avoid Oat.","","",""
"Octopus (IgG)","octopus-igg","","SENSITIVITY","Signature","Food Sensitivity: Fish & Seafood","","yes","DRAFT","","392","TEMPLATE-FAMILY","Measures IgG antibodies to Octopus in the blood. Producing IgG to a food records exposure to it rather than a problem with it, and it is routinely found in people who eat that food regularly and digest it perfectly well. The allergy and immunology bodies BSACI, EAACI and AAAAI all advise against using IgG food panels to decide what to eat, so a result here is not a reason to avoid Octopus.","","",""
"Oestradiol","oestradiol","","MEASURED","Advanced GP3 (Female); HSC14 Fertility; Core; Insight 360; Signature","Male Hormone; Female Hormone","","","DRAFT","","193","","The main form of oestrogen, central to the menstrual cycle and bone health.","","Can relate to menopause or reduced ovarian function.","Levels vary naturally across the menstrual cycle and life stage."
"Olive (IgG)","olive-igg","","SENSITIVITY","Signature","Food Sensitivity: Fruit","","yes","DRAFT","","388","TEMPLATE-FAMILY","Measures IgG antibodies to Olive in the blood. Producing IgG to a food records exposure to it rather than a problem with it, and it is routinely found in people who eat that food regularly and digest it perfectly well. The allergy and immunology bodies BSACI, EAACI and AAAAI all advise against using IgG food panels to decide what to eat, so a result here is not a reason to avoid Olive.","","",""
"Omega 3 and Omega 6 Benefit","omega-3-and-omega-6-benefit","","GENETIC","Signature","Diet & Nutrition","","","DRAFT","","207","","Relates to variants in the FADS genes, which affect how efficiently plant omega 3 and omega 6 fats are converted into their longer chain forms. What this means in practice for diet is still being worked out.","","",""
"Omega-3 Index","omega-3-index","","MEASURED","Signature; RP10 Heart Health; Ran Chip Insight 360; Advanced GP3 (Female); Advanced GP3 (Male); Nutritional Health HSC15; RP3 Metabolic Syndrome; HSC14 Fertility; Core; Insight 360","","","","DRAFT","","197","","The proportion of omega-3 fatty acids in your red blood cell membranes.","","Lower levels are linked to increased cardiovascular risk.","Oily fish, or omega-3 supplementation, raises this over 2–3 months."
"Onion (IgG)","onion-igg","","SENSITIVITY","Signature","Food Sensitivity: Vegetables","","yes","DRAFT","","388","TEMPLATE-FAMILY","Measures IgG antibodies to Onion in the blood. Producing IgG to a food records exposure to it rather than a problem with it, and it is routinely found in people who eat that food regularly and digest it perfectly well. The allergy and immunology bodies BSACI, EAACI and AAAAI all advise against using IgG food panels to decide what to eat, so a result here is not a reason to avoid Onion.","","",""
"Orange (IgG)","orange-igg","","SENSITIVITY","Signature","Food Sensitivity: Fruit","","yes","DRAFT","","390","TEMPLATE-FAMILY","Measures IgG antibodies to Orange in the blood. Producing IgG to a food records exposure to it rather than a problem with it, and it is routinely found in people who eat that food regularly and digest it perfectly well. The allergy and immunology bodies BSACI, EAACI and AAAAI all advise against using IgG food panels to decide what to eat, so a result here is not a reason to avoid Orange.","","",""
"Ostrich (IgG)","ostrich-igg","","SENSITIVITY","Signature","Food Sensitivity: Meat","","yes","DRAFT","","392","TEMPLATE-FAMILY","Measures IgG antibodies to Ostrich in the blood. Producing IgG to a food records exposure to it rather than a problem with it, and it is routinely found in people who eat that food regularly and digest it perfectly well. The allergy and immunology bodies BSACI, EAACI and AAAAI all advise against using IgG food panels to decide what to eat, so a result here is not a reason to avoid Ostrich.","","",""
"Oxygen Saturation","oxygen-saturation","","MEASURED","Insight 360; Signature","Personal Health Measurements","","","DRAFT","","168","","The percentage of haemoglobin currently carrying oxygen, read through a clip on the finger. It is recorded at your appointment rather than measured from a blood sample.","","",""
"Oyster (IgG)","oyster-igg","","SENSITIVITY","Signature","Food Sensitivity: Fish & Seafood","","yes","DRAFT","","390","TEMPLATE-FAMILY","Measures IgG antibodies to Oyster in the blood. Producing IgG to a food records exposure to it rather than a problem with it, and it is routinely found in people who eat that food regularly and digest it perfectly well. The allergy and immunology bodies BSACI, EAACI and AAAAI all advise against using IgG food panels to decide what to eat, so a result here is not a reason to avoid Oyster.","","",""
"P-Selectin","p-selectin","","MEASURED","Insight 360; Signature","Infection & Inflammation","","","DRAFT","","191","","An adhesion molecule stored inside platelets and the lining of blood vessels and brought to the surface when either is activated. It is a research marker of platelet and vessel wall activity.","","",""
"Pancreatic Amylase","pancreatic-amylase","","MEASURED","Insight 360; Signature","Pancreatic Health","","","DRAFT","","173","","The form of amylase, a starch-digesting enzyme, that comes specifically from the pancreas. Measuring this form separates it from the amylase produced by the salivary glands.","","",""
"Papaya (IgG)","papaya-igg","","SENSITIVITY","Signature","Food Sensitivity: Fruit","","yes","DRAFT","","390","TEMPLATE-FAMILY","Measures IgG antibodies to Papaya in the blood. Producing IgG to a food records exposure to it rather than a problem with it, and it is routinely found in people who eat that food regularly and digest it perfectly well. The allergy and immunology bodies BSACI, EAACI and AAAAI all advise against using IgG food panels to decide what to eat, so a result here is not a reason to avoid Papaya.","","",""
"Parathyroid Hormone (PTH)","pth","","MEASURED","Insight 360; Signature","Kidney Health; Bone Health","","","DRAFT","","195","","Parathyroid hormone, released by four small glands in the neck to regulate the amount of calcium in the blood. It is interpreted alongside calcium, phosphate and vitamin D rather than on its own.","","",""
"Parsley (IgG)","parsley-igg","","SENSITIVITY","Signature","Food Sensitivity: Herbs & Spices","","yes","DRAFT","","392","TEMPLATE-FAMILY","Measures IgG antibodies to Parsley in the blood. Producing IgG to a food records exposure to it rather than a problem with it, and it is routinely found in people who eat that food regularly and digest it perfectly well. The allergy and immunology bodies BSACI, EAACI and AAAAI all advise against using IgG food panels to decide what to eat, so a result here is not a reason to avoid Parsley.","","",""
"Partridge (IgG)","partridge-igg","","SENSITIVITY","Signature","Food Sensitivity: Meat","","yes","DRAFT","","396","TEMPLATE-FAMILY","Measures IgG antibodies to Partridge in the blood. Producing IgG to a food records exposure to it rather than a problem with it, and it is routinely found in people who eat that food regularly and digest it perfectly well. The allergy and immunology bodies BSACI, EAACI and AAAAI all advise against using IgG food panels to decide what to eat, so a result here is not a reason to avoid Partridge.","","",""
"Pathogenic bacteria","pathogenic-bacteria","","COMPOSITION","Signature","Bacterial Composition","","","DRAFT","","241","TEMPLATED","The share of your gut microbiome made up of groups that include species capable of causing illness. Many of these live in the gut without causing any, so a proportion here is not the same thing as an infection and this is not a test for one.","","",""
"Peach (IgG)","peach-igg","","SENSITIVITY","Signature","Food Sensitivity: Fruit","","yes","DRAFT","","388","TEMPLATE-FAMILY","Measures IgG antibodies to Peach in the blood. Producing IgG to a food records exposure to it rather than a problem with it, and it is routinely found in people who eat that food regularly and digest it perfectly well. The allergy and immunology bodies BSACI, EAACI and AAAAI all advise against using IgG food panels to decide what to eat, so a result here is not a reason to avoid Peach.","","",""
"Peanut (IgG)","peanut-igg","","SENSITIVITY","Signature","Food Sensitivity: Nuts & Seeds","","yes","DRAFT","","390","TEMPLATE-FAMILY","Measures IgG antibodies to Peanut in the blood. Producing IgG to a food records exposure to it rather than a problem with it, and it is routinely found in people who eat that food regularly and digest it perfectly well. The allergy and immunology bodies BSACI, EAACI and AAAAI all advise against using IgG food panels to decide what to eat, so a result here is not a reason to avoid Peanut.","","",""
"Pear (IgG)","pear-igg","","SENSITIVITY","Signature","Food Sensitivity: Fruit","","yes","DRAFT","","386","TEMPLATE-FAMILY","Measures IgG antibodies to Pear in the blood. Producing IgG to a food records exposure to it rather than a problem with it, and it is routinely found in people who eat that food regularly and digest it perfectly well. The allergy and immunology bodies BSACI, EAACI and AAAAI all advise against using IgG food panels to decide what to eat, so a result here is not a reason to avoid Pear.","","",""
"Peas (IgG)","peas-igg","","SENSITIVITY","Signature","Food Sensitivity: Vegetables","","yes","DRAFT","","386","TEMPLATE-FAMILY","Measures IgG antibodies to Peas in the blood. Producing IgG to a food records exposure to it rather than a problem with it, and it is routinely found in people who eat that food regularly and digest it perfectly well. The allergy and immunology bodies BSACI, EAACI and AAAAI all advise against using IgG food panels to decide what to eat, so a result here is not a reason to avoid Peas.","","",""
"Pepper (Green/Red/Yellow) (IgG)","pepper-green-red-yellow-igg","","SENSITIVITY","Signature","Food Sensitivity: Vegetables","","yes","DRAFT","","428","TEMPLATE-FAMILY","Measures IgG antibodies to Pepper (Green/Red/Yellow) in the blood. Producing IgG to a food records exposure to it rather than a problem with it, and it is routinely found in people who eat that food regularly and digest it perfectly well. The allergy and immunology bodies BSACI, EAACI and AAAAI all advise against using IgG food panels to decide what to eat, so a result here is not a reason to avoid Pepper (Green/Red/Yellow).","","",""
"Peppercorn (White/Black) (IgG)","peppercorn-white-black-igg","","SENSITIVITY","Signature","Food Sensitivity: Herbs & Spices","","yes","DRAFT","","426","TEMPLATE-FAMILY","Measures IgG antibodies to Peppercorn (White/Black) in the blood. Producing IgG to a food records exposure to it rather than a problem with it, and it is routinely found in people who eat that food regularly and digest it perfectly well. The allergy and immunology bodies BSACI, EAACI and AAAAI all advise against using IgG food panels to decide what to eat, so a result here is not a reason to avoid Peppercorn (White/Black).","","",""
"Peppermint (IgG)","peppermint-igg","","SENSITIVITY","Signature","Food Sensitivity: Herbs & Spices","","yes","DRAFT","","398","TEMPLATE-FAMILY","Measures IgG antibodies to Peppermint in the blood. Producing IgG to a food records exposure to it rather than a problem with it, and it is routinely found in people who eat that food regularly and digest it perfectly well. The allergy and immunology bodies BSACI, EAACI and AAAAI all advise against using IgG food panels to decide what to eat, so a result here is not a reason to avoid Peppermint.","","",""
"Pepsinogen 1","pepsinogen-1","","MEASURED","Insight 360; Signature","Digestive & Bowel Health","","","DRAFT","","192","","The inactive precursor of pepsin, a protein-digesting enzyme, released by cells in the main body of the stomach. It is measured as an indicator of the state of that part of the stomach lining.","","",""
"Pepsinogen 2","pepsinogen-2","","MEASURED","Insight 360; Signature","Digestive & Bowel Health","","","DRAFT","","186","","A second form of the pepsin precursor, released from a wider area of the stomach and the upper small intestine. It is usually read as a ratio against pepsinogen 1 rather than on its own.","","",""
"Perch (IgG)","perch-igg","","SENSITIVITY","Signature","Food Sensitivity: Fish & Seafood","","yes","DRAFT","","388","TEMPLATE-FAMILY","Measures IgG antibodies to Perch in the blood. Producing IgG to a food records exposure to it rather than a problem with it, and it is routinely found in people who eat that food regularly and digest it perfectly well. The allergy and immunology bodies BSACI, EAACI and AAAAI all advise against using IgG food panels to decide what to eat, so a result here is not a reason to avoid Perch.","","",""
"Phosphate","phosphate","","MEASURED","Core; Insight 360; Signature","Kidney Health; Bone Health","","","DRAFT","","245","CROSS-REFERENCES(Vitamin D)","A mineral that works with calcium to build bone and is central to how cells store energy.","Can reflect reduced kidney function.","Can reflect poor absorption, vitamin D deficiency or certain medications.","Interpreted alongside calcium and vitamin D."
"Pike (IgG)","pike-igg","","SENSITIVITY","Signature","Food Sensitivity: Fish & Seafood","","yes","DRAFT","","386","TEMPLATE-FAMILY","Measures IgG antibodies to Pike in the blood. Producing IgG to a food records exposure to it rather than a problem with it, and it is routinely found in people who eat that food regularly and digest it perfectly well. The allergy and immunology bodies BSACI, EAACI and AAAAI all advise against using IgG food panels to decide what to eat, so a result here is not a reason to avoid Pike.","","",""
"Pine Nut (IgG)","pine-nut-igg","","SENSITIVITY","Signature","Food Sensitivity: Nuts & Seeds","","yes","DRAFT","","394","TEMPLATE-FAMILY","Measures IgG antibodies to Pine Nut in the blood. Producing IgG to a food records exposure to it rather than a problem with it, and it is routinely found in people who eat that food regularly and digest it perfectly well. The allergy and immunology bodies BSACI, EAACI and AAAAI all advise against using IgG food panels to decide what to eat, so a result here is not a reason to avoid Pine Nut.","","",""
"Pineapple (IgG)","pineapple-igg","","SENSITIVITY","Signature","Food Sensitivity: Fruit","","yes","DRAFT","","396","TEMPLATE-FAMILY","Measures IgG antibodies to Pineapple in the blood. Producing IgG to a food records exposure to it rather than a problem with it, and it is routinely found in people who eat that food regularly and digest it perfectly well. The allergy and immunology bodies BSACI, EAACI and AAAAI all advise against using IgG food panels to decide what to eat, so a result here is not a reason to avoid Pineapple.","","",""
"Pistachio (IgG)","pistachio-igg","","SENSITIVITY","Signature","Food Sensitivity: Nuts & Seeds","","yes","DRAFT","","396","TEMPLATE-FAMILY","Measures IgG antibodies to Pistachio in the blood. Producing IgG to a food records exposure to it rather than a problem with it, and it is routinely found in people who eat that food regularly and digest it perfectly well. The allergy and immunology bodies BSACI, EAACI and AAAAI all advise against using IgG food panels to decide what to eat, so a result here is not a reason to avoid Pistachio.","","",""
"Plaice (IgG)","plaice-igg","","SENSITIVITY","Signature","Food Sensitivity: Fish & Seafood","","yes","DRAFT","","390","TEMPLATE-FAMILY","Measures IgG antibodies to Plaice in the blood. Producing IgG to a food records exposure to it rather than a problem with it, and it is routinely found in people who eat that food regularly and digest it perfectly well. The allergy and immunology bodies BSACI, EAACI and AAAAI all advise against using IgG food panels to decide what to eat, so a result here is not a reason to avoid Plaice.","","",""
"Platelet Count","platelets","","MEASURED","Signature; Ran Chip Insight 360; Advanced GP3 (Female); Advanced GP3 (Male); Insight 360; Core","Full Blood Count","","","DRAFT","","222","","Cell fragments that help your blood clot.","Can occur after inflammation, infection, or iron deficiency.","Can increase bruising or bleeding risk.","Usually monitored alongside other blood count markers rather than in isolation."
"Plum (IgG)","plum-igg","","SENSITIVITY","Signature","Food Sensitivity: Fruit","","yes","DRAFT","","386","TEMPLATE-FAMILY","Measures IgG antibodies to Plum in the blood. Producing IgG to a food records exposure to it rather than a problem with it, and it is routinely found in people who eat that food regularly and digest it perfectly well. The allergy and immunology bodies BSACI, EAACI and AAAAI all advise against using IgG food panels to decide what to eat, so a result here is not a reason to avoid Plum.","","",""
"Pomegranate (IgG)","pomegranate-igg","","SENSITIVITY","Signature","Food Sensitivity: Fruit","","yes","DRAFT","","400","TEMPLATE-FAMILY","Measures IgG antibodies to Pomegranate in the blood. Producing IgG to a food records exposure to it rather than a problem with it, and it is routinely found in people who eat that food regularly and digest it perfectly well. The allergy and immunology bodies BSACI, EAACI and AAAAI all advise against using IgG food panels to decide what to eat, so a result here is not a reason to avoid Pomegranate.","","",""
"Pork (IgG)","pork-igg","","SENSITIVITY","Signature","Food Sensitivity: Meat","","yes","DRAFT","","386","TEMPLATE-FAMILY","Measures IgG antibodies to Pork in the blood. Producing IgG to a food records exposure to it rather than a problem with it, and it is routinely found in people who eat that food regularly and digest it perfectly well. The allergy and immunology bodies BSACI, EAACI and AAAAI all advise against using IgG food panels to decide what to eat, so a result here is not a reason to avoid Pork.","","",""
"Potassium","potassium","","MEASURED","Ran Chip Insight 360; Core; Insight 360; Signature","Kidney Health","","","DRAFT","","257","","An electrolyte essential for nerve and muscle function, including the heart.","Can reflect kidney function or certain medications.","Can occur with certain medications or gastrointestinal losses.","Significant abnormalities here warrant prompt clinical attention."
"Potato (IgG)","potato-igg","","SENSITIVITY","Signature","Food Sensitivity: Vegetables","","yes","DRAFT","","390","TEMPLATE-FAMILY","Measures IgG antibodies to Potato in the blood. Producing IgG to a food records exposure to it rather than a problem with it, and it is routinely found in people who eat that food regularly and digest it perfectly well. The allergy and immunology bodies BSACI, EAACI and AAAAI all advise against using IgG food panels to decide what to eat, so a result here is not a reason to avoid Potato.","","",""
"Presence of Oxalate-degrading Bacteria","presence-of-oxalate-degrading-bacteria","","COMPOSITION","Signature","Bacterial Composition","","","DRAFT","","226","","Whether bacteria able to break down oxalate, a compound found in many plant foods and in some kidney stones, appeared in your sample. It is reported as part of the microbiome’s make-up rather than as a measurement of activity.","","",""
"Progesterone","progesterone","","MEASURED","HSC14 Fertility; Insight 360; Signature","Female Hormone","","","DRAFT","","162","","A hormone essential for the menstrual cycle and early pregnancy.","","","Timing in the menstrual cycle significantly affects this result. Usually tested mid-luteal phase."
"Prolactin","prolactin","","MEASURED","HSC14 Fertility; Core; Insight 360; Signature","Male Hormone; Pituitary & Adrenal; Female Hormone","","","DRAFT","","250","","A hormone best known for its role in milk production, also relevant to menstrual and reproductive health.","Can affect menstrual cycles and fertility.","","Can rise with stress or shortly after a meal. Repeat testing under calm, fasted conditions if raised."
"Prostate Cancer Risk Score","prostate-cancer-risk-score","","QUALITATIVE","Insight 360; Signature","Prostate Health","","","DRAFT","","239","","A calculated score combining PSA measurements with other details to express prostate cancer risk. Scores of this kind describe likelihood across groups of people, and they are neither a diagnosis nor a substitute for specialist assessment.","","",""
"Protein (urine)","protein-urine","","MEASURED","Insight 360; Signature","Urinalysis","","","DRAFT","","188","","A urine dipstick reading for protein. The strip responds mainly to albumin and is deliberately coarse, which is why small amounts are measured separately as an albumin to creatinine ratio.","","",""
"Proteus spp.","proteus-spp","","QUALITATIVE","Signature","UTI","","","DRAFT","","175","","Proteus species, bacteria known for making urine more alkaline and for their association with urinary stones. The panel reports whether they were detected in the urine sample.","","",""
"Providencia stuartii","providencia-stuartii","","QUALITATIVE","Signature","UTI","","","DRAFT","","170","","Providencia stuartii, most often associated with urinary infection in people who have a long-term catheter. The panel reports whether it was detected in the urine sample.","","",""
"Pseudomonas aeruginosa","pseudomonas-aeruginosa","","QUALITATIVE","Signature","UTI","","","DRAFT","","166","","Pseudomonas aeruginosa, a bacterium widespread in soil and water that can also cause urinary infection. The panel reports whether it was detected in the urine sample.","","",""
"Pulse","pulse","","MEASURED","Insight 360; Signature","Personal Health Measurements","","","DRAFT","","157","","The number of times the heart beats each minute, counted at your appointment. It shifts with activity, temperature, caffeine and how recently you have moved.","","",""
"Quail (IgG)","quail-igg","","SENSITIVITY","Signature","Food Sensitivity: Meat","","yes","DRAFT","","388","TEMPLATE-FAMILY","Measures IgG antibodies to Quail in the blood. Producing IgG to a food records exposure to it rather than a problem with it, and it is routinely found in people who eat that food regularly and digest it perfectly well. The allergy and immunology bodies BSACI, EAACI and AAAAI all advise against using IgG food panels to decide what to eat, so a result here is not a reason to avoid Quail.","","",""
"Quinoa (IgG)","quinoa-igg","","SENSITIVITY","Signature","Food Sensitivity: Grains","","yes","DRAFT","","390","TEMPLATE-FAMILY","Measures IgG antibodies to Quinoa in the blood. Producing IgG to a food records exposure to it rather than a problem with it, and it is routinely found in people who eat that food regularly and digest it perfectly well. The allergy and immunology bodies BSACI, EAACI and AAAAI all advise against using IgG food panels to decide what to eat, so a result here is not a reason to avoid Quinoa.","","",""
"RBC Magnesium","rbc-magnesium","","MEASURED","Nutritional Health HSC15","","","","DRAFT","","227","","A measure of magnesium stored inside your red blood cells, a more reliable picture than blood serum levels.","","Can contribute to fatigue, cramps, and poor sleep.","Nuts, seeds, wholegrains, and leafy greens are good dietary sources."
"Rabbit (IgG)","rabbit-igg","","SENSITIVITY","Signature","Food Sensitivity: Meat","","yes","DRAFT","","390","TEMPLATE-FAMILY","Measures IgG antibodies to Rabbit in the blood. Producing IgG to a food records exposure to it rather than a problem with it, and it is routinely found in people who eat that food regularly and digest it perfectly well. The allergy and immunology bodies BSACI, EAACI and AAAAI all advise against using IgG food panels to decide what to eat, so a result here is not a reason to avoid Rabbit.","","",""
"Radish (IgG)","radish-igg","","SENSITIVITY","Signature","Food Sensitivity: Vegetables","","yes","DRAFT","","390","TEMPLATE-FAMILY","Measures IgG antibodies to Radish in the blood. Producing IgG to a food records exposure to it rather than a problem with it, and it is routinely found in people who eat that food regularly and digest it perfectly well. The allergy and immunology bodies BSACI, EAACI and AAAAI all advise against using IgG food panels to decide what to eat, so a result here is not a reason to avoid Radish.","","",""
"Raisin (IgG)","raisin-igg","","SENSITIVITY","Signature","Food Sensitivity: Fruit","","yes","DRAFT","","390","TEMPLATE-FAMILY","Measures IgG antibodies to Raisin in the blood. Producing IgG to a food records exposure to it rather than a problem with it, and it is routinely found in people who eat that food regularly and digest it perfectly well. The allergy and immunology bodies BSACI, EAACI and AAAAI all advise against using IgG food panels to decide what to eat, so a result here is not a reason to avoid Raisin.","","",""
"Rapeseed (IgG)","rapeseed-igg","","SENSITIVITY","Signature","Food Sensitivity: Nuts & Seeds","","yes","DRAFT","","394","TEMPLATE-FAMILY","Measures IgG antibodies to Rapeseed in the blood. Producing IgG to a food records exposure to it rather than a problem with it, and it is routinely found in people who eat that food regularly and digest it perfectly well. The allergy and immunology bodies BSACI, EAACI and AAAAI all advise against using IgG food panels to decide what to eat, so a result here is not a reason to avoid Rapeseed.","","",""
"Raspberry (IgG)","raspberry-igg","","SENSITIVITY","Signature","Food Sensitivity: Fruit","","yes","DRAFT","","396","TEMPLATE-FAMILY","Measures IgG antibodies to Raspberry in the blood. Producing IgG to a food records exposure to it rather than a problem with it, and it is routinely found in people who eat that food regularly and digest it perfectly well. The allergy and immunology bodies BSACI, EAACI and AAAAI all advise against using IgG food panels to decide what to eat, so a result here is not a reason to avoid Raspberry.","","",""
"Red Blood Cell Count","rbc","","MEASURED","Ran Chip Insight 360; Core; Insight 360; Signature","Full Blood Count","","","DRAFT","","203","","The number of oxygen-carrying cells circulating in your blood.","Can reflect dehydration or conditions that overproduce red cells.","Often reflects anaemia.","Interpreted alongside haemoglobin and haematocrit."
"Red Blood Cells (urine)","red-blood-cells-urine","","MEASURED","Insight 360; Signature","Urinalysis","","","DRAFT","","179","","A urine dipstick reading for blood in the urine. The strip detects haemoglobin, so it responds to red blood cells too few to see and also to menstrual contamination of the sample.","","",""
"Red Cell Distribution Width (RDW)","rdw","","MEASURED","Ran Chip Insight 360","","","","DRAFT","","188","","How much variation there is in the size of your red blood cells.","Can indicate an early nutrient deficiency or mixed causes of anaemia.","","Most useful alongside other full blood count markers."
"Redcurrant (IgG)","redcurrant-igg","","SENSITIVITY","Signature","Food Sensitivity: Fruit","","yes","DRAFT","","398","TEMPLATE-FAMILY","Measures IgG antibodies to Redcurrant in the blood. Producing IgG to a food records exposure to it rather than a problem with it, and it is routinely found in people who eat that food regularly and digest it perfectly well. The allergy and immunology bodies BSACI, EAACI and AAAAI all advise against using IgG food panels to decide what to eat, so a result here is not a reason to avoid Redcurrant.","","",""
"Rheumatoid Factor","rheumatoid-factor","","MEASURED","Insight 360; Signature","Infection & Inflammation; Muscle & Joint Health; Autoimmune","","","DRAFT","","192","","An antibody that binds to other antibodies. It is one of several tests used in the assessment of inflammatory joint disease, and it is also found in some people with no joint condition at all.","","",""
"Rhubarb (IgG)","rhubarb-igg","","SENSITIVITY","Signature","Food Sensitivity: Fruit","","yes","DRAFT","","392","TEMPLATE-FAMILY","Measures IgG antibodies to Rhubarb in the blood. Producing IgG to a food records exposure to it rather than a problem with it, and it is routinely found in people who eat that food regularly and digest it perfectly well. The allergy and immunology bodies BSACI, EAACI and AAAAI all advise against using IgG food panels to decide what to eat, so a result here is not a reason to avoid Rhubarb.","","",""
"Rice (IgG)","rice-igg","","SENSITIVITY","Signature","Food Sensitivity: Grains","","yes","DRAFT","","386","TEMPLATE-FAMILY","Measures IgG antibodies to Rice in the blood. Producing IgG to a food records exposure to it rather than a problem with it, and it is routinely found in people who eat that food regularly and digest it perfectly well. The allergy and immunology bodies BSACI, EAACI and AAAAI all advise against using IgG food panels to decide what to eat, so a result here is not a reason to avoid Rice.","","",""
"Rocket (IgG)","rocket-igg","","SENSITIVITY","Signature","Food Sensitivity: Vegetables","","yes","DRAFT","","390","TEMPLATE-FAMILY","Measures IgG antibodies to Rocket in the blood. Producing IgG to a food records exposure to it rather than a problem with it, and it is routinely found in people who eat that food regularly and digest it perfectly well. The allergy and immunology bodies BSACI, EAACI and AAAAI all advise against using IgG food panels to decide what to eat, so a result here is not a reason to avoid Rocket.","","",""
"Rosemary (IgG)","rosemary-igg","","SENSITIVITY","Signature","Food Sensitivity: Herbs & Spices","","yes","DRAFT","","394","TEMPLATE-FAMILY","Measures IgG antibodies to Rosemary in the blood. Producing IgG to a food records exposure to it rather than a problem with it, and it is routinely found in people who eat that food regularly and digest it perfectly well. The allergy and immunology bodies BSACI, EAACI and AAAAI all advise against using IgG food panels to decide what to eat, so a result here is not a reason to avoid Rosemary.","","",""
"Rye (IgG)","rye-igg","","SENSITIVITY","Signature","Food Sensitivity: Grains","","yes","DRAFT","","384","TEMPLATE-FAMILY","Measures IgG antibodies to Rye in the blood. Producing IgG to a food records exposure to it rather than a problem with it, and it is routinely found in people who eat that food regularly and digest it perfectly well. The allergy and immunology bodies BSACI, EAACI and AAAAI all advise against using IgG food panels to decide what to eat, so a result here is not a reason to avoid Rye.","","",""
"SHBG (Sex Hormone Binding Globulin)","shbg","","MEASURED","Advanced GP3 (Male); Advanced GP3 (Female); HSC14 Fertility; Core; Insight 360; Signature","Male Hormone; Female Hormone","","","DRAFT","","157","","A protein that binds sex hormones like testosterone and oestrogen, affecting how much is freely available.","","","Interpreted alongside total and free testosterone."
"Saffron (IgG)","saffron-igg","","SENSITIVITY","Signature","Food Sensitivity: Herbs & Spices","","yes","DRAFT","","392","TEMPLATE-FAMILY","Measures IgG antibodies to Saffron in the blood. Producing IgG to a food records exposure to it rather than a problem with it, and it is routinely found in people who eat that food regularly and digest it perfectly well. The allergy and immunology bodies BSACI, EAACI and AAAAI all advise against using IgG food panels to decide what to eat, so a result here is not a reason to avoid Saffron.","","",""
"Sage (IgG)","sage-igg","","SENSITIVITY","Signature","Food Sensitivity: Herbs & Spices","","yes","DRAFT","","386","TEMPLATE-FAMILY","Measures IgG antibodies to Sage in the blood. Producing IgG to a food records exposure to it rather than a problem with it, and it is routinely found in people who eat that food regularly and digest it perfectly well. The allergy and immunology bodies BSACI, EAACI and AAAAI all advise against using IgG food panels to decide what to eat, so a result here is not a reason to avoid Sage.","","",""
"Salmon (IgG)","salmon-igg","","SENSITIVITY","Signature","Food Sensitivity: Fish & Seafood","","yes","DRAFT","","390","TEMPLATE-FAMILY","Measures IgG antibodies to Salmon in the blood. Producing IgG to a food records exposure to it rather than a problem with it, and it is routinely found in people who eat that food regularly and digest it perfectly well. The allergy and immunology bodies BSACI, EAACI and AAAAI all advise against using IgG food panels to decide what to eat, so a result here is not a reason to avoid Salmon.","","",""
"Sardine (IgG)","sardine-igg","","SENSITIVITY","Signature","Food Sensitivity: Fish & Seafood","","yes","DRAFT","","392","TEMPLATE-FAMILY","Measures IgG antibodies to Sardine in the blood. Producing IgG to a food records exposure to it rather than a problem with it, and it is routinely found in people who eat that food regularly and digest it perfectly well. The allergy and immunology bodies BSACI, EAACI and AAAAI all advise against using IgG food panels to decide what to eat, so a result here is not a reason to avoid Sardine.","","",""
"Saturated Fats Response","saturated-fats-response","","GENETIC","Signature","Diet & Nutrition","","","DRAFT","","199","","Relates to inherited variation, including in APOA2, associated with differences in how blood fats respond to saturated fat in the diet. Findings in this area have not been consistent between studies.","","",""
"Scallop (IgG)","scallop-igg","","SENSITIVITY","Signature","Food Sensitivity: Fish & Seafood","","yes","DRAFT","","392","TEMPLATE-FAMILY","Measures IgG antibodies to Scallop in the blood. Producing IgG to a food records exposure to it rather than a problem with it, and it is routinely found in people who eat that food regularly and digest it perfectly well. The allergy and immunology bodies BSACI, EAACI and AAAAI all advise against using IgG food panels to decide what to eat, so a result here is not a reason to avoid Scallop.","","",""
"Sea Bream (Gilthead) (IgG)","sea-bream-gilthead-igg","","SENSITIVITY","Signature","Food Sensitivity: Fish & Seafood","","yes","DRAFT","","418","TEMPLATE-FAMILY","Measures IgG antibodies to Sea Bream (Gilthead) in the blood. Producing IgG to a food records exposure to it rather than a problem with it, and it is routinely found in people who eat that food regularly and digest it perfectly well. The allergy and immunology bodies BSACI, EAACI and AAAAI all advise against using IgG food panels to decide what to eat, so a result here is not a reason to avoid Sea Bream (Gilthead).","","",""
"Selenium Deficiency Risk","selenium-deficiency-risk","","GENETIC","Signature","Diet & Nutrition","","","DRAFT","","158","TEMPLATED","Relates to inherited variation in genes that transport selenium and build it into the body’s proteins. It describes a tendency rather than measuring selenium.","","",""
"Serum Iron","iron","","MEASURED","Ran Chip Insight 360; Nutritional Health HSC15; Core; Insight 360; Signature","Nutritional Health; Iron Status","","","DRAFT","","212","","The amount of iron currently circulating in your blood.","Can fluctuate with recent diet or supplementation.","Can contribute to iron-deficiency anaemia.","Best interpreted alongside ferritin for the full iron picture."
"Sesame Seed (IgG)","sesame-seed-igg","","SENSITIVITY","Signature","Food Sensitivity: Nuts & Seeds","","yes","DRAFT","","400","TEMPLATE-FAMILY","Measures IgG antibodies to Sesame Seed in the blood. Producing IgG to a food records exposure to it rather than a problem with it, and it is routinely found in people who eat that food regularly and digest it perfectly well. The allergy and immunology bodies BSACI, EAACI and AAAAI all advise against using IgG food panels to decide what to eat, so a result here is not a reason to avoid Sesame Seed.","","",""
"Shallot (IgG)","shallot-igg","","SENSITIVITY","Signature","Food Sensitivity: Vegetables","","yes","DRAFT","","392","TEMPLATE-FAMILY","Measures IgG antibodies to Shallot in the blood. Producing IgG to a food records exposure to it rather than a problem with it, and it is routinely found in people who eat that food regularly and digest it perfectly well. The allergy and immunology bodies BSACI, EAACI and AAAAI all advise against using IgG food panels to decide what to eat, so a result here is not a reason to avoid Shallot.","","",""
"Shrimp/Prawn (IgG)","shrimp-prawn-igg","","SENSITIVITY","Signature","Food Sensitivity: Fish & Seafood","","yes","DRAFT","","402","TEMPLATE-FAMILY","Measures IgG antibodies to Shrimp/Prawn in the blood. Producing IgG to a food records exposure to it rather than a problem with it, and it is routinely found in people who eat that food regularly and digest it perfectly well. The allergy and immunology bodies BSACI, EAACI and AAAAI all advise against using IgG food panels to decide what to eat, so a result here is not a reason to avoid Shrimp/Prawn.","","",""
"Sleep","sleep","","GENETIC","Signature","Health & Wellbeing","","","DRAFT","","171","","Relates to inherited variation in body clock genes such as CLOCK and PER. It describes a tendency towards a sleep pattern rather than measuring how anyone actually sleeps.","","",""
"Sodium","sodium","","MEASURED","Ran Chip Insight 360; Core; Insight 360; Signature","Kidney Health","","","DRAFT","","202","","An electrolyte that helps regulate fluid balance and nerve function.","Can reflect dehydration.","Can reflect fluid overload or certain medications.","Usually reflects hydration status at the time of testing."
"Sole (IgG)","sole-igg","","SENSITIVITY","Signature","Food Sensitivity: Fish & Seafood","","yes","DRAFT","","386","TEMPLATE-FAMILY","Measures IgG antibodies to Sole in the blood. Producing IgG to a food records exposure to it rather than a problem with it, and it is routinely found in people who eat that food regularly and digest it perfectly well. The allergy and immunology bodies BSACI, EAACI and AAAAI all advise against using IgG food panels to decide what to eat, so a result here is not a reason to avoid Sole.","","",""
"Soluble Tumour Necrosis Factor I","stnf-r1","","MEASURED","Insight 360; Signature","Kidney Health","","","DRAFT","","176","","The soluble form of one of the two receptors for tumour necrosis factor, shed from cell surfaces into the blood. It is measured as a research marker of inflammatory signalling.","","",""
"Soluble Tumour Necrosis Factor II","stnf-r2","","MEASURED","Insight 360; Signature","Kidney Health","","","DRAFT","","177","","The soluble form of the second tumour necrosis factor receptor, shed from cell surfaces into the blood. Like its counterpart, it is a research marker of inflammatory signalling.","","",""
"Soya Bean (IgG)","soya-bean-igg","","SENSITIVITY","Signature","Food Sensitivity: Vegetables","","yes","DRAFT","","396","TEMPLATE-FAMILY","Measures IgG antibodies to Soya Bean in the blood. Producing IgG to a food records exposure to it rather than a problem with it, and it is routinely found in people who eat that food regularly and digest it perfectly well. The allergy and immunology bodies BSACI, EAACI and AAAAI all advise against using IgG food panels to decide what to eat, so a result here is not a reason to avoid Soya Bean.","","",""
"Spelt (IgG)","spelt-igg","","SENSITIVITY","Signature","Food Sensitivity: Grains","","yes","DRAFT","","388","TEMPLATE-FAMILY","Measures IgG antibodies to Spelt in the blood. Producing IgG to a food records exposure to it rather than a problem with it, and it is routinely found in people who eat that food regularly and digest it perfectly well. The allergy and immunology bodies BSACI, EAACI and AAAAI all advise against using IgG food panels to decide what to eat, so a result here is not a reason to avoid Spelt.","","",""
"Spinach (IgG)","spinach-igg","","SENSITIVITY","Signature","Food Sensitivity: Vegetables","","yes","DRAFT","","392","TEMPLATE-FAMILY","Measures IgG antibodies to Spinach in the blood. Producing IgG to a food records exposure to it rather than a problem with it, and it is routinely found in people who eat that food regularly and digest it perfectly well. The allergy and immunology bodies BSACI, EAACI and AAAAI all advise against using IgG food panels to decide what to eat, so a result here is not a reason to avoid Spinach.","","",""
"Squash (Butternut/Carnival) (IgG)","squash-butternut-carnival-igg","","SENSITIVITY","Signature","Food Sensitivity: Vegetables","","yes","DRAFT","","432","TEMPLATE-FAMILY","Measures IgG antibodies to Squash (Butternut/Carnival) in the blood. Producing IgG to a food records exposure to it rather than a problem with it, and it is routinely found in people who eat that food regularly and digest it perfectly well. The allergy and immunology bodies BSACI, EAACI and AAAAI all advise against using IgG food panels to decide what to eat, so a result here is not a reason to avoid Squash (Butternut/Carnival).","","",""
"Squid (IgG)","squid-igg","","SENSITIVITY","Signature","Food Sensitivity: Fish & Seafood","","yes","DRAFT","","388","TEMPLATE-FAMILY","Measures IgG antibodies to Squid in the blood. Producing IgG to a food records exposure to it rather than a problem with it, and it is routinely found in people who eat that food regularly and digest it perfectly well. The allergy and immunology bodies BSACI, EAACI and AAAAI all advise against using IgG food panels to decide what to eat, so a result here is not a reason to avoid Squid.","","",""
"Staphylococcus aureus","staphylococcus-aureus","","QUALITATIVE","Signature","UTI","","","DRAFT","","177","","Staphylococcus aureus, which commonly lives on skin and in the nose and can cause infection elsewhere in the body. The panel reports whether it was detected in the urine sample.","","",""
"Staphylococcus epidermidis","staphylococcus-epidermidis","","QUALITATIVE","Signature","UTI","","","DRAFT","","209","","Staphylococcus epidermidis, one of the usual inhabitants of human skin. It is a frequent contaminant of urine samples as well as an occasional cause of infection, and the panel reports whether it was detected.","","",""
"Staphylococcus saprophyticus","staphylococcus-saprophyticus","","QUALITATIVE","Signature","UTI","","","DRAFT","","166","","Staphylococcus saprophyticus, recognised as a cause of urinary infection particularly in younger women. The panel reports whether it was detected in the urine sample.","","",""
"Strawberry (IgG)","strawberry-igg","","SENSITIVITY","Signature","Food Sensitivity: Fruit","","yes","DRAFT","","398","TEMPLATE-FAMILY","Measures IgG antibodies to Strawberry in the blood. Producing IgG to a food records exposure to it rather than a problem with it, and it is routinely found in people who eat that food regularly and digest it perfectly well. The allergy and immunology bodies BSACI, EAACI and AAAAI all advise against using IgG food panels to decide what to eat, so a result here is not a reason to avoid Strawberry.","","",""
"Streptococcus agalactiae (GBS)","streptococcus-agalactiae-gbs","","QUALITATIVE","Signature","UTI","","","DRAFT","","184","","Streptococcus agalactiae, also called group B streptococcus, which many adults carry without it causing them any trouble. The panel reports whether it was detected in the urine sample.","","",""
"Sunflower Seed (IgG)","sunflower-seed-igg","","SENSITIVITY","Signature","Food Sensitivity: Nuts & Seeds","","yes","DRAFT","","406","TEMPLATE-FAMILY","Measures IgG antibodies to Sunflower Seed in the blood. Producing IgG to a food records exposure to it rather than a problem with it, and it is routinely found in people who eat that food regularly and digest it perfectly well. The allergy and immunology bodies BSACI, EAACI and AAAAI all advise against using IgG food panels to decide what to eat, so a result here is not a reason to avoid Sunflower Seed.","","",""
"Sweet Potato (IgG)","sweet-potato-igg","","SENSITIVITY","Signature","Food Sensitivity: Vegetables","","yes","DRAFT","","402","TEMPLATE-FAMILY","Measures IgG antibodies to Sweet Potato in the blood. Producing IgG to a food records exposure to it rather than a problem with it, and it is routinely found in people who eat that food regularly and digest it perfectly well. The allergy and immunology bodies BSACI, EAACI and AAAAI all advise against using IgG food panels to decide what to eat, so a result here is not a reason to avoid Sweet Potato.","","",""
"Sweet Taste Perception","sweet-taste-perception","","GENETIC","Signature","Diet & Nutrition","","","DRAFT","","187","","Relates to variants in the TAS1R sweet taste receptor genes, associated with how strongly sweetness is perceived. It describes an inherited trait rather than anything about what is eaten.","","",""
"Swordfish (IgG)","swordfish-igg","","SENSITIVITY","Signature","Food Sensitivity: Fish & Seafood","","yes","DRAFT","","396","TEMPLATE-FAMILY","Measures IgG antibodies to Swordfish in the blood. Producing IgG to a food records exposure to it rather than a problem with it, and it is routinely found in people who eat that food regularly and digest it perfectly well. The allergy and immunology bodies BSACI, EAACI and AAAAI all advise against using IgG food panels to decide what to eat, so a result here is not a reason to avoid Swordfish.","","",""
"Systolic Blood Pressure","systolic-blood-pressure","","MEASURED","Insight 360; Signature","Metabolic Syndrome; Personal Health Measurements","","","DRAFT","","182","","The pressure in the arteries as the heart contracts and pushes blood out. It is the upper of the two numbers in a blood pressure reading and is taken with a cuff at your appointment.","","",""
"T1D Autoantibodies","t1d-autoantibodies","","MEASURED","Insight 360; Signature","Autoimmune","","","DRAFT","","189","","A group of antibodies directed at parts of the insulin-producing cells of the pancreas. They are used to help establish which type of diabetes is present rather than to screen for diabetes.","","",""
"TNF-α (Tumour Necrosis Factor Alpha)","tnf-alpha","","MEASURED","RP10 Heart Health; Signature; Insight 360","Metabolic Syndrome","","","DRAFT","","177","","A signalling protein that helps regulate immune and inflammatory responses.","Can reflect chronic inflammation.","","Interpreted alongside other inflammatory markers rather than alone."
"TSH (Thyroid Stimulating Hormone)","tsh","","MEASURED","Ran Chip Insight 360; Signature; Advanced GP3 (Male); Advanced GP3 (Female); HSC14 Fertility; Core; Insight 360","Thyroid Health; Pituitary & Adrenal","","","DRAFT","","238","","A pituitary hormone that regulates your thyroid gland.","Can indicate an underactive thyroid (hypothyroidism).","Can indicate an overactive thyroid (hyperthyroidism).","Thyroid function is best assessed alongside Free T4 and how you’re feeling."
"Tangerine (IgG)","tangerine-igg","","SENSITIVITY","Signature","Food Sensitivity: Fruit","","yes","DRAFT","","396","TEMPLATE-FAMILY","Measures IgG antibodies to Tangerine in the blood. Producing IgG to a food records exposure to it rather than a problem with it, and it is routinely found in people who eat that food regularly and digest it perfectly well. The allergy and immunology bodies BSACI, EAACI and AAAAI all advise against using IgG food panels to decide what to eat, so a result here is not a reason to avoid Tangerine.","","",""
"Tapioca (IgG)","tapioca-igg","","SENSITIVITY","Signature","Food Sensitivity: Grains","","yes","DRAFT","","392","TEMPLATE-FAMILY","Measures IgG antibodies to Tapioca in the blood. Producing IgG to a food records exposure to it rather than a problem with it, and it is routinely found in people who eat that food regularly and digest it perfectly well. The allergy and immunology bodies BSACI, EAACI and AAAAI all advise against using IgG food panels to decide what to eat, so a result here is not a reason to avoid Tapioca.","","",""
"Tarragon (IgG)","tarragon-igg","","SENSITIVITY","Signature","Food Sensitivity: Herbs & Spices","","yes","DRAFT","","394","TEMPLATE-FAMILY","Measures IgG antibodies to Tarragon in the blood. Producing IgG to a food records exposure to it rather than a problem with it, and it is routinely found in people who eat that food regularly and digest it perfectly well. The allergy and immunology bodies BSACI, EAACI and AAAAI all advise against using IgG food panels to decide what to eat, so a result here is not a reason to avoid Tarragon.","","",""
"Tea (Black) (IgG)","tea-black-igg","","SENSITIVITY","Signature","Food Sensitivity: Misc","","yes","DRAFT","","400","TEMPLATE-FAMILY","Measures IgG antibodies to Tea (Black) in the blood. Producing IgG to a food records exposure to it rather than a problem with it, and it is routinely found in people who eat that food regularly and digest it perfectly well. The allergy and immunology bodies BSACI, EAACI and AAAAI all advise against using IgG food panels to decide what to eat, so a result here is not a reason to avoid Tea (Black).","","",""
"Tea (Green) (IgG)","tea-green-igg","","SENSITIVITY","Signature","Food Sensitivity: Misc","","yes","DRAFT","","400","TEMPLATE-FAMILY","Measures IgG antibodies to Tea (Green) in the blood. Producing IgG to a food records exposure to it rather than a problem with it, and it is routinely found in people who eat that food regularly and digest it perfectly well. The allergy and immunology bodies BSACI, EAACI and AAAAI all advise against using IgG food panels to decide what to eat, so a result here is not a reason to avoid Tea (Green).","","",""
"Testosterone","testosterone","","MEASURED","Advanced GP3 (Male); Core; Insight 360; Signature","Male Hormone; Stress; Female Hormone","","","DRAFT","","251","","The primary male sex hormone, also present in smaller amounts in women.","Can reflect certain hormonal conditions.","Can contribute to low energy, reduced libido, and mood changes.","Sleep, resistance exercise, and healthy weight all support natural levels."
"Testosterone","testosterone-f","","MEASURED","Advanced GP3 (Female); HSC14 Fertility","","","","DRAFT","","244","","A sex hormone present in smaller amounts in women, important for energy and libido.","Can reflect conditions such as PCOS.","Can contribute to low energy and reduced libido.","Sleep, resistance exercise, and healthy weight all support natural levels."
"The Firmicutes/Bacteroidetes (F/B) ratio","the-firmicutes-bacteroidetes-f-b-ratio","","COMPOSITION","Signature","Bacterial Composition","","","DRAFT","","228","","The ratio between two of the largest groups of gut bacteria. It was once widely reported as a summary of gut health, and later work has not supported that use, so it is best read as a description of composition and nothing more.","","",""
"Thyme (IgG)","thyme-igg","","SENSITIVITY","Signature","Food Sensitivity: Herbs & Spices","","yes","DRAFT","","388","TEMPLATE-FAMILY","Measures IgG antibodies to Thyme in the blood. Producing IgG to a food records exposure to it rather than a problem with it, and it is routinely found in people who eat that food regularly and digest it perfectly well. The allergy and immunology bodies BSACI, EAACI and AAAAI all advise against using IgG food panels to decide what to eat, so a result here is not a reason to avoid Thyme.","","",""
"Thyroid Binding Globulin (TBG)","thyroid-binding-globulin-tbg","","MEASURED","Insight 360; Signature","Thyroid Health","","","DRAFT","","204","","The main protein that carries thyroid hormones through the bloodstream. It is measured when total and free thyroid hormone levels appear to disagree, since the amount of carrier protein affects the total.","","",""
"Tiger Nut (IgG)","tiger-nut-igg","","SENSITIVITY","Signature","Food Sensitivity: Nuts & Seeds","","yes","DRAFT","","396","TEMPLATE-FAMILY","Measures IgG antibodies to Tiger Nut in the blood. Producing IgG to a food records exposure to it rather than a problem with it, and it is routinely found in people who eat that food regularly and digest it perfectly well. The allergy and immunology bodies BSACI, EAACI and AAAAI all advise against using IgG food panels to decide what to eat, so a result here is not a reason to avoid Tiger Nut.","","",""
"Tomato (IgG)","tomato-igg","","SENSITIVITY","Signature","Food Sensitivity: Vegetables","","yes","DRAFT","","390","TEMPLATE-FAMILY","Measures IgG antibodies to Tomato in the blood. Producing IgG to a food records exposure to it rather than a problem with it, and it is routinely found in people who eat that food regularly and digest it perfectly well. The allergy and immunology bodies BSACI, EAACI and AAAAI all advise against using IgG food panels to decide what to eat, so a result here is not a reason to avoid Tomato.","","",""
"Total Bilirubin","bilirubin","","MEASURED","Ran Chip Insight 360; Core; Insight 360; Signature","Liver Health","","","DRAFT","","240","","A breakdown product of red blood cells, processed by the liver.","Can reflect liver dysfunction, bile duct blockage, or increased red cell breakdown.","","Mildly raised levels in isolation are often a benign, harmless variant (Gilbert’s syndrome)."
"Total Cholesterol","total-cholesterol","","MEASURED","Ran Chip Insight 360; Signature; Advanced GP3 (Male); Advanced GP3 (Female); RP3 Metabolic Syndrome; RP10 Heart Health; Core; Insight 360","Heart Health","","","DRAFT","","214","","The combined measure of all cholesterol carried in your blood.","Higher levels are linked to increased cardiovascular risk over time.","","Diet, exercise, and not smoking all support cholesterol levels in the usual range."
"Total Cholesterol / HDL Ratio","chol-hdl-ratio","","MEASURED","Ran Chip Insight 360; RP10 Heart Health; Core; Signature; Insight 360","Heart Health","","","DRAFT","","204","","A calculated ratio that helps put your total cholesterol into context.","A higher ratio is linked to increased cardiovascular risk.","","Improves with the same lifestyle changes that improve cholesterol overall."
"Total Iron Binding Capacity","tibc","","MEASURED","Nutritional Health HSC15; Core; Insight 360; Signature","Iron Status","","","DRAFT","","133","","A measure of how much iron your blood could carry, reflecting iron transport capacity.","","","Interpreted alongside serum iron and ferritin."
"Total PSA","total-psa","","MEASURED","Insight 360; Signature","Prostate Health","","","DRAFT","","222","","Prostate specific antigen, a protein made by the prostate gland and present in small amounts in blood. It is affected by prostate size, age, recent ejaculation, cycling and urinary infection as well as by prostate disease.","","",""
"Total Protein","total-protein","","MEASURED","Ran Chip Insight 360; Nutritional Health HSC15; Core; Insight 360; Signature","Kidney Health","","","DRAFT","","130","","The combined level of all proteins in your blood, including albumin.","","","Interpreted alongside albumin and overall nutritional status."
"Transferrin","transferrin","","MEASURED","Insight 360; Signature","Iron Status","","","DRAFT","","150","","The protein that carries iron around the bloodstream. It is read alongside iron and ferritin when the way the body is handling iron is being assessed.","","",""
"Transferrin Saturation","transferrin-saturation","","MEASURED","Core; Insight 360; Signature","Iron Status","","","DRAFT","","173","","The percentage of transferrin, the blood’s iron carrier, that is currently carrying iron. It is calculated from iron and iron binding capacity rather than measured directly.","","",""
"Triglycerides","triglycerides","","MEASURED","Ran Chip Insight 360; Signature; Advanced GP3 (Male); Advanced GP3 (Female); RP3 Metabolic Syndrome; RP10 Heart Health; Core; Insight 360","Heart Health; Metabolic Syndrome","","","DRAFT","","180","","A type of fat in your blood, largely influenced by diet.","Can reflect diet, alcohol intake, or metabolic factors.","","Reducing refined sugar and alcohol intake often has a quick effect."
"Trimethoprim Resistance","trimethoprim-resistance","","QUALITATIVE","Signature","UTI","2","","DRAFT","","163","","A test for genetic markers that make bacteria resistant to trimethoprim. It describes a property of bacteria in the sample rather than a measurement of the person.","","",""
"Troponin I","troponin-i","","MEASURED","Insight 360; Signature","Heart Health","","","DRAFT","","220","","A protein in the contracting machinery of heart muscle, released into the blood when heart muscle cells are injured. Modern assays detect very small amounts, so results are always read against the timing of any symptoms.","","",""
"Troponin T","troponin-t","","MEASURED","Insight 360; Signature","Heart Health","","","DRAFT","","194","","A protein of the same contracting complex in heart muscle as troponin I, measured by a different assay. Laboratories generally report one or the other, and their numbers are not interchangeable.","","",""
"Trout (IgG)","trout-igg","","SENSITIVITY","Signature","Food Sensitivity: Fish & Seafood","","yes","DRAFT","","388","TEMPLATE-FAMILY","Measures IgG antibodies to Trout in the blood. Producing IgG to a food records exposure to it rather than a problem with it, and it is routinely found in people who eat that food regularly and digest it perfectly well. The allergy and immunology bodies BSACI, EAACI and AAAAI all advise against using IgG food panels to decide what to eat, so a result here is not a reason to avoid Trout.","","",""
"Tuna (IgG)","tuna-igg","","SENSITIVITY","Signature","Food Sensitivity: Fish & Seafood","","yes","DRAFT","","386","TEMPLATE-FAMILY","Measures IgG antibodies to Tuna in the blood. Producing IgG to a food records exposure to it rather than a problem with it, and it is routinely found in people who eat that food regularly and digest it perfectly well. The allergy and immunology bodies BSACI, EAACI and AAAAI all advise against using IgG food panels to decide what to eat, so a result here is not a reason to avoid Tuna.","","",""
"Turbot (IgG)","turbot-igg","","SENSITIVITY","Signature","Food Sensitivity: Fish & Seafood","","yes","DRAFT","","390","TEMPLATE-FAMILY","Measures IgG antibodies to Turbot in the blood. Producing IgG to a food records exposure to it rather than a problem with it, and it is routinely found in people who eat that food regularly and digest it perfectly well. The allergy and immunology bodies BSACI, EAACI and AAAAI all advise against using IgG food panels to decide what to eat, so a result here is not a reason to avoid Turbot.","","",""
"Turkey (IgG)","turkey-igg","","SENSITIVITY","Signature","Food Sensitivity: Meat","","yes","DRAFT","","390","TEMPLATE-FAMILY","Measures IgG antibodies to Turkey in the blood. Producing IgG to a food records exposure to it rather than a problem with it, and it is routinely found in people who eat that food regularly and digest it perfectly well. The allergy and immunology bodies BSACI, EAACI and AAAAI all advise against using IgG food panels to decide what to eat, so a result here is not a reason to avoid Turkey.","","",""
"Turnip (IgG)","turnip-igg","","SENSITIVITY","Signature","Food Sensitivity: Vegetables","","yes","DRAFT","","390","TEMPLATE-FAMILY","Measures IgG antibodies to Turnip in the blood. Producing IgG to a food records exposure to it rather than a problem with it, and it is routinely found in people who eat that food regularly and digest it perfectly well. The allergy and immunology bodies BSACI, EAACI and AAAAI all advise against using IgG food panels to decide what to eat, so a result here is not a reason to avoid Turnip.","","",""
"Type 1 Diabetes Risk","type-1-diabetes-risk","","GENETIC","Signature","Genetic Risk Assessment","","","DRAFT","","184","","Looks at HLA tissue types associated with type 1 diabetes. These types are common in the general population and the great majority of people who carry them never develop the condition.","","",""
"Urea","urea","","MEASURED","Ran Chip Insight 360; Core; Signature; Insight 360","Kidney Health","","","DRAFT","","158","CROSS-REFERENCES(Creatinine)","A waste product from protein breakdown, cleared by the kidneys.","Can reflect reduced kidney function or dehydration.","","Interpreted alongside creatinine and eGFR."
"Uric Acid","uric-acid","","MEASURED","Ran Chip Insight 360; Nutritional Health HSC15; Core; Insight 360; Signature","Kidney Health; Muscle & Joint Health","","","DRAFT","","189","","A waste product from the breakdown of purines in food and cells.","Can be linked to gout risk or metabolic factors.","","Reducing alcohol and purine-rich foods (e.g. red meat, shellfish) can help."
"Urobilinogen (urine)","urobilinogen-urine","","MEASURED","Insight 360; Signature","Urinalysis","","","DRAFT","","152","","A urine dipstick reading for urobilinogen, which is formed in the gut from bilirubin and partly reabsorbed. Small amounts are normally present in urine.","","",""
"Vancomycin Resistance","vancomycin-resistance","","QUALITATIVE","Signature","UTI","2","","DRAFT","","164","","A test for genetic markers that make enterococci resistant to vancomycin. It describes a property of bacteria in the sample rather than a measurement of the person.","","",""
"Vanilla (IgG)","vanilla-igg","","SENSITIVITY","Signature","Food Sensitivity: Herbs & Spices","","yes","DRAFT","","392","TEMPLATE-FAMILY","Measures IgG antibodies to Vanilla in the blood. Producing IgG to a food records exposure to it rather than a problem with it, and it is routinely found in people who eat that food regularly and digest it perfectly well. The allergy and immunology bodies BSACI, EAACI and AAAAI all advise against using IgG food panels to decide what to eat, so a result here is not a reason to avoid Vanilla.","","",""
"Vascular Cell Adhesion Molecule 1","vcam-1","","MEASURED","Insight 360; Signature","Infection & Inflammation","","","DRAFT","","197","","An adhesion molecule that appears on the inner lining of blood vessels and allows white blood cells to bind. It is a research marker of inflammation in the vessel wall, not a routine clinical test.","","",""
"Veal (IgG)","veal-igg","","SENSITIVITY","Signature","Food Sensitivity: Meat","","yes","DRAFT","","386","TEMPLATE-FAMILY","Measures IgG antibodies to Veal in the blood. Producing IgG to a food records exposure to it rather than a problem with it, and it is routinely found in people who eat that food regularly and digest it perfectly well. The allergy and immunology bodies BSACI, EAACI and AAAAI all advise against using IgG food panels to decide what to eat, so a result here is not a reason to avoid Veal.","","",""
"Venison (IgG)","venison-igg","","SENSITIVITY","Signature","Food Sensitivity: Meat","","yes","DRAFT","","392","TEMPLATE-FAMILY","Measures IgG antibodies to Venison in the blood. Producing IgG to a food records exposure to it rather than a problem with it, and it is routinely found in people who eat that food regularly and digest it perfectly well. The allergy and immunology bodies BSACI, EAACI and AAAAI all advise against using IgG food panels to decide what to eat, so a result here is not a reason to avoid Venison.","","",""
"Vitamin A Deficiency Risk","vitamin-a-deficiency-risk","","GENETIC","Signature","Diet & Nutrition","","","DRAFT","","190","","Relates to variants in BCMO1 and related genes, which affect how efficiently plant carotenes are converted into vitamin A. It describes an inherited tendency rather than measuring vitamin A.","","",""
"Vitamin B12","vitamin-b12","","MEASURED","Ran Chip Insight 360; Advanced GP3 (Male); Advanced GP3 (Female); Nutritional Health HSC15; Core; Insight 360; Signature","Nutritional Health","","","DRAFT","","209","","A vitamin essential for nerve function and red blood cell production.","","Can cause fatigue, and if prolonged, nerve symptoms.","Found mainly in animal products. Plant-based diets often benefit from supplementation."
"Vitamin B12 Deficiency Risk","vitamin-b12-deficiency-risk","","GENETIC","Signature","Diet & Nutrition","","","DRAFT","","192","TEMPLATED","Relates to inherited variation in genes involved in transporting and processing vitamin B12, such as FUT2 and TCN2. It describes a tendency rather than measuring the vitamin B12 in your blood.","","",""
"Vitamin C Deficiency Risk","vitamin-c-deficiency-risk","","GENETIC","Signature","Diet & Nutrition","","","DRAFT","","139","","Relates to variants in SLC23A1 and related vitamin C transporter genes. It describes an inherited tendency rather than measuring vitamin C.","","",""
"Vitamin D","vitamin-d","","MEASURED","Ran Chip Insight 360; Advanced GP3 (Male); Advanced GP3 (Female); Nutritional Health HSC15; HSC14 Fertility; Core; Insight 360; Signature","Nutritional Health; Bone Health","","","DRAFT","","281","","A vitamin essential for bone health and immune function, made mostly by sunlight on skin.","","Low levels are common, especially in winter, and can affect bone and immune health.","Sensible sun exposure and supplementation (especially Oct–Mar in the UK) support levels in the usual range."
"Vitamin D Deficiency Risk","vitamin-d-deficiency-risk","","GENETIC","Signature","Diet & Nutrition","","","DRAFT","","203","","Relates to variants in genes such as GC and CYP2R1 that affect how vitamin D is carried and activated. It describes a tendency rather than measuring the vitamin D in your blood, which is a separate test.","","",""
"Waist Circumference","waist-circumference","","MEASURED","Insight 360; Signature","Metabolic Syndrome; Personal Health Measurements","","","DRAFT","","163","","The distance around your waist, taken with a tape at your appointment. It is recorded as an indicator of where body fat is carried, which weight alone cannot show.","","",""
"Waist/Hip Ratio","waist-hip-ratio","","MEASURED","Insight 360; Signature","Personal Health Measurements","","","DRAFT","","129","","Waist circumference divided by hip circumference. It describes where body fat is distributed rather than how much of it there is.","","",""
"Walnut (IgG)","walnut-igg","","SENSITIVITY","Signature","Food Sensitivity: Nuts & Seeds","","yes","DRAFT","","390","TEMPLATE-FAMILY","Measures IgG antibodies to Walnut in the blood. Producing IgG to a food records exposure to it rather than a problem with it, and it is routinely found in people who eat that food regularly and digest it perfectly well. The allergy and immunology bodies BSACI, EAACI and AAAAI all advise against using IgG food panels to decide what to eat, so a result here is not a reason to avoid Walnut.","","",""
"Watercress (IgG)","watercress-igg","","SENSITIVITY","Signature","Food Sensitivity: Vegetables","","yes","DRAFT","","398","TEMPLATE-FAMILY","Measures IgG antibodies to Watercress in the blood. Producing IgG to a food records exposure to it rather than a problem with it, and it is routinely found in people who eat that food regularly and digest it perfectly well. The allergy and immunology bodies BSACI, EAACI and AAAAI all advise against using IgG food panels to decide what to eat, so a result here is not a reason to avoid Watercress.","","",""
"Watermelon (IgG)","watermelon-igg","","SENSITIVITY","Signature","Food Sensitivity: Fruit","","yes","DRAFT","","398","TEMPLATE-FAMILY","Measures IgG antibodies to Watermelon in the blood. Producing IgG to a food records exposure to it rather than a problem with it, and it is routinely found in people who eat that food regularly and digest it perfectly well. The allergy and immunology bodies BSACI, EAACI and AAAAI all advise against using IgG food panels to decide what to eat, so a result here is not a reason to avoid Watermelon.","","",""
"Weight","weight","","MEASURED","Insight 360; Signature","Metabolic Syndrome; Personal Health Measurements","","","DRAFT","","126","","Your body weight, measured at your appointment. It is recorded on its own and for use in calculations such as body mass index.","","",""
"Wheat (IgG)","wheat-igg","","SENSITIVITY","Signature","Food Sensitivity: Grains","","yes","DRAFT","","388","TEMPLATE-FAMILY","Measures IgG antibodies to Wheat in the blood. Producing IgG to a food records exposure to it rather than a problem with it, and it is routinely found in people who eat that food regularly and digest it perfectly well. The allergy and immunology bodies BSACI, EAACI and AAAAI all advise against using IgG food panels to decide what to eat, so a result here is not a reason to avoid Wheat.","","",""
"Wheat Bran (IgG)","wheat-bran-igg","","SENSITIVITY","Signature","Food Sensitivity: Grains","","yes","DRAFT","","398","TEMPLATE-FAMILY","Measures IgG antibodies to Wheat Bran in the blood. Producing IgG to a food records exposure to it rather than a problem with it, and it is routinely found in people who eat that food regularly and digest it perfectly well. The allergy and immunology bodies BSACI, EAACI and AAAAI all advise against using IgG food panels to decide what to eat, so a result here is not a reason to avoid Wheat Bran.","","",""
"White Blood Cell Count","wbc","","MEASURED","Signature; Ran Chip Insight 360; Advanced GP3 (Female); Advanced GP3 (Male); Core; Insight 360","Full Blood Count","","","DRAFT","","272","","Cells that make up your immune system and fight infection.","Can indicate infection, inflammation, or stress on the body.","Can indicate a weakened immune response or certain viral infections.","Levels vary with recent illness. A repeat test when well is often more informative."
"White Blood Cells (urine)","white-blood-cells-urine","","MEASURED","Insight 360; Signature","Urinalysis","","","DRAFT","","168","","A urine dipstick reading for leucocyte esterase, an enzyme released by white blood cells. It is read together with the nitrite square as a screen for urinary infection.","","",""
"Wild Boar (IgG)","wild-boar-igg","","SENSITIVITY","Signature","Food Sensitivity: Meat","","yes","DRAFT","","396","TEMPLATE-FAMILY","Measures IgG antibodies to Wild Boar in the blood. Producing IgG to a food records exposure to it rather than a problem with it, and it is routinely found in people who eat that food regularly and digest it perfectly well. The allergy and immunology bodies BSACI, EAACI and AAAAI all advise against using IgG food panels to decide what to eat, so a result here is not a reason to avoid Wild Boar.","","",""
"Yeast (Baker's) (IgG)","yeast-baker-s-igg","","SENSITIVITY","Signature","Food Sensitivity: Misc","","yes","DRAFT","","408","TEMPLATE-FAMILY","Measures IgG antibodies to Yeast (Baker’s) in the blood. Producing IgG to a food records exposure to it rather than a problem with it, and it is routinely found in people who eat that food regularly and digest it perfectly well. The allergy and immunology bodies BSACI, EAACI and AAAAI all advise against using IgG food panels to decide what to eat, so a result here is not a reason to avoid Yeast (Baker’s).","","",""
"Yeast (Brewer's) (IgG)","yeast-brewer-s-igg","","SENSITIVITY","Signature","Food Sensitivity: Misc","","yes","DRAFT","","410","TEMPLATE-FAMILY","Measures IgG antibodies to Yeast (Brewer’s) in the blood. Producing IgG to a food records exposure to it rather than a problem with it, and it is routinely found in people who eat that food regularly and digest it perfectly well. The allergy and immunology bodies BSACI, EAACI and AAAAI all advise against using IgG food panels to decide what to eat, so a result here is not a reason to avoid Yeast (Brewer’s).","","",""
"Yuca (Cassava) (IgG)","yuca-cassava-igg","","SENSITIVITY","Signature","Food Sensitivity: Vegetables","","yes","DRAFT","","406","TEMPLATE-FAMILY","Measures IgG antibodies to Yuca (Cassava) in the blood. Producing IgG to a food records exposure to it rather than a problem with it, and it is routinely found in people who eat that food regularly and digest it perfectly well. The allergy and immunology bodies BSACI, EAACI and AAAAI all advise against using IgG food panels to decide what to eat, so a result here is not a reason to avoid Yuca (Cassava).","","",""
"Zinc","zinc","","MEASURED","Nutritional Health HSC15; Insight 360; Core; Signature","Nutritional Health","","","DRAFT","","172","","A mineral important for immune function and wound healing.","","Can affect immune function, taste, and skin health.","Meat, shellfish, seeds, and legumes are good dietary sources."
"Zinc Deficiency Risk","zinc-deficiency-risk","","GENETIC","Signature","Diet & Nutrition","","","DRAFT","","130","","Relates to inherited variation in the zinc transporter genes. It describes a tendency rather than measuring the zinc in your body.","","",""
"eGFR (Estimated Glomerular Filtration Rate)","egfr","","MEASURED","Ran Chip Insight 360; Signature; Advanced GP3 (Male); Advanced GP3 (Female); Core; Insight 360","Kidney Health","","","DRAFT","","184","","An estimate of how well your kidneys are filtering waste from your blood.","","Lower values can indicate reduced kidney function.","Blood pressure control and hydration support kidney health."
"hs-CRP (High-Sensitivity C-Reactive Protein)","hs-crp","","MEASURED","Ran Chip Insight 360; RP10 Heart Health; Core; Insight 360; Signature","Heart Health; Metabolic Syndrome","","","DRAFT","","251","","A sensitive marker of low-grade inflammation in the body.","Can reflect general inflammation and is linked to cardiovascular risk when persistently raised.","","Can be raised temporarily by illness or injury. An isolated raised result is often best repeated."
"pH (urine)","ph-urine","","MEASURED","Insight 360; Signature","Urinalysis","","","DRAFT","","154","","The acidity of the urine, read from a dipstick on a scale of roughly 5 to 9. It shifts with diet, with fluid intake and with the time since the last meal.","","",""
"qFIT","qfit","","MEASURED","Insight 360; Signature","Digestive & Bowel Health","","","DRAFT","","166","CROSS-REFERENCES(Haemoglobin; Haemoglobin)","A quantitative faecal immunochemical test, which measures human haemoglobin in a small stool sample. It is used to detect blood in the stool at levels too low to see.","","",""
"tTg-IgA","ttg-iga","","MEASURED","Insight 360; Signature","Digestive & Bowel Health","","","DRAFT","","238","","The IgA class of antibody against tissue transglutaminase, which is the specific form used in coeliac testing. Because a small number of people make very little IgA of any kind, it is usually interpreted alongside a total IgA measurement.","","",""